epoch,lr-Adam,step,train/batch_size,train/cls_acc,train/cls_f1,train/cls_loss,train/cls_precision,train/cls_recall,train/loss,train/mat_loss,train/n_critical_max,train/rig_loss
,1e-05,0,,,,,,,,,,
0,,9,4.0,0.49779999256134033,0.4165361821651459,0.7346078157424927,0.4795934855937958,0.4607299864292145,9.034828186035156,7.988152503967285,1384.0,0.3120681345462799
0,,19,4.0,0.543150007724762,0.4047800600528717,0.7078718543052673,0.5083533525466919,0.5384846925735474,8.045377731323242,7.0062665939331055,512.0,0.3312392234802246
0,,29,4.0,0.5066999793052673,0.39770573377609253,0.7301133275032043,0.48284077644348145,0.4544019401073456,8.565916061401367,7.631134510040283,984.0,0.20466788113117218
0,,39,4.0,0.5328999757766724,0.4547441303730011,0.7145819067955017,0.4974619448184967,0.49567800760269165,9.421124458312988,8.535518646240234,2708.0,0.17102400958538055
0,,49,4.0,0.5696499943733215,0.4332732558250427,0.6946935653686523,0.5116633176803589,0.5395396947860718,9.541839599609375,7.267836093902588,818.0,1.5793097019195557
0,,59,4.0,0.5744500160217285,0.4350402057170868,0.6800466775894165,0.517756462097168,0.5674843788146973,8.599742889404297,7.25555419921875,597.0,0.664141833782196
0,,69,4.0,0.5442500114440918,0.47243577241897583,0.6996641159057617,0.5017504692077637,0.5026538968086243,9.389989852905273,8.279455184936523,1747.0,0.4108702838420868
0,,79,4.0,0.5791000127792358,0.48874229192733765,0.6899011731147766,0.5189738273620605,0.5321092009544373,9.368837356567383,8.584503173828125,2871.0,0.09443256258964539
0,,89,4.0,0.5952500104904175,0.4811468720436096,0.6681416034698486,0.5332449674606323,0.5813077688217163,9.767868041992188,7.707522392272949,779.0,1.3922041654586792
0,,99,4.0,0.569350004196167,0.42062872648239136,0.6871039271354675,0.500193178653717,0.5006807446479797,8.472770690917969,7.249344825744629,516.0,0.5363221168518066
0,,109,4.0,0.5845500230789185,0.47623711824417114,0.6754735112190247,0.5122194290161133,0.5230473875999451,8.842740058898926,8.047343254089355,1806.0,0.11992320418357849
0,,119,4.0,0.5552499890327454,0.4526519477367401,0.6847940683364868,0.4923572242259979,0.48618221282958984,9.647178649902344,8.504719734191895,2484.0,0.4576644003391266
0,,129,4.0,0.6273000240325928,0.48829585313796997,0.6481908559799194,0.5362603664398193,0.6019166111946106,8.422683715820312,7.584657669067383,989.0,0.1898355334997177
0,,139,4.0,0.6048499941825867,0.4728168845176697,0.6564656496047974,0.5161907076835632,0.5372682809829712,8.858386993408203,7.648046493530273,1121.0,0.5538750886917114
0,,149,4.0,0.5698000192642212,0.4753463566303253,0.6807481646537781,0.49561387300491333,0.4935125708580017,9.062603950500488,8.256121635437012,1693.0,0.1257341057062149
0,,159,4.0,0.5994499921798706,0.4337500333786011,0.6598272323608398,0.48919427394866943,0.4705272912979126,10.73062801361084,8.037999153137207,1537.0,2.032801389694214
0,,169,4.0,0.621649980545044,0.4798307418823242,0.649330198764801,0.5115653276443481,0.5238248109817505,8.523569107055664,7.784073829650879,980.0,0.09016474336385727
0,,179,4.0,0.6234999895095825,0.47596511244773865,0.644231915473938,0.5123164057731628,0.5276275277137756,8.761411666870117,7.728015899658203,971.0,0.38916435837745667
0,,189,4.0,0.5877000093460083,0.489105224609375,0.665110170841217,0.5008026361465454,0.5010945796966553,9.137697219848633,8.40156364440918,2619.0,0.07102346420288086
0,,199,4.0,0.6377999782562256,0.4897170662879944,0.6440801620483398,0.5142396688461304,0.5276914238929749,8.820438385009766,8.004051208496094,1698.0,0.1723065972328186
0,,209,4.0,0.6561499834060669,0.4789646863937378,0.6269373893737793,0.5186212658882141,0.5529897212982178,8.458438873291016,7.437095642089844,800.0,0.39440569281578064
0,,219,4.0,0.6817499995231628,0.4973847270011902,0.6124158501625061,0.5327109694480896,0.6032798290252686,8.457555770874023,7.319007873535156,521.0,0.5261317491531372
0,,229,4.0,0.6736500263214111,0.4801000952720642,0.6147980690002441,0.5202298164367676,0.5652683973312378,8.998312950134277,7.544826030731201,1046.0,0.8386886119842529
0,,239,4.0,0.6707000136375427,0.4964991509914398,0.6096057295799255,0.5300933122634888,0.5840431451797485,8.98073959350586,7.303908348083496,642.0,1.0672253370285034
0,,249,4.0,0.6936500072479248,0.5566767454147339,0.6005615592002869,0.5597952008247375,0.5977742671966553,9.06221866607666,8.403692245483398,2379.0,0.05796515569090843
0,,259,4.0,0.6941499710083008,0.5650890469551086,0.6050670146942139,0.5638383626937866,0.5903328657150269,8.70490550994873,7.978404998779297,1375.0,0.12143342941999435
0,,269,4.0,0.6905500292778015,0.5285009145736694,0.6014396548271179,0.5348724126815796,0.5577739477157593,8.926445960998535,8.160833358764648,1138.0,0.16417273879051208
0,,279,4.0,0.7121999859809875,0.604747474193573,0.5958231091499329,0.5986955165863037,0.6287449598312378,9.165755271911621,8.126762390136719,2057.0,0.4431694746017456
0,,289,4.0,0.7035499811172485,0.5122660994529724,0.5967300534248352,0.5262222290039062,0.5543099045753479,8.498518943786621,7.690878868103027,1234.0,0.2109101563692093
0,,299,4.0,0.7164999842643738,0.5529068112373352,0.5917100310325623,0.5527195334434509,0.5826389789581299,8.49691390991211,7.80706787109375,982.0,0.09813564270734787
0,,309,4.0,0.7059999704360962,0.5043923258781433,0.5972551107406616,0.519798994064331,0.5418193340301514,8.51414966583252,7.496175289154053,976.0,0.4207192063331604
0,,319,4.0,0.7399500012397766,0.47791460156440735,0.571823239326477,0.5136806964874268,0.5624816417694092,7.701622486114502,6.682517051696777,321.0,0.44728219509124756
0,,329,4.0,0.725350022315979,0.4991326630115509,0.5785729289054871,0.5210962295532227,0.5590817928314209,8.029420852661133,7.329151153564453,643.0,0.12169706076383591
0,,339,4.0,0.7067499756813049,0.5372214913368225,0.593636155128479,0.5369946360588074,0.5505129098892212,8.924606323242188,8.179472923278809,1940.0,0.15149688720703125
0,,349,4.0,0.7462499737739563,0.4554772675037384,0.5648192167282104,0.4988889992237091,0.4940541684627533,7.503725051879883,6.492336273193359,263.0,0.44656968116760254
0,,359,4.0,0.7302500009536743,0.5488027334213257,0.5760987997055054,0.5482744574546814,0.5770713090896606,8.616734504699707,7.977159023284912,1162.0,0.06347689032554626
0,,369,4.0,0.7540000081062317,0.5458498001098633,0.5605494976043701,0.5467168092727661,0.589777946472168,10.50188159942627,7.601565361022949,922.0,2.33976674079895
0,,379,4.0,0.7734500169754028,0.539120078086853,0.5544089078903198,0.5408182740211487,0.5867536067962646,8.434536933898926,7.747578144073486,1227.0,0.13255009055137634
0,,389,4.0,0.7838000059127808,0.5848062038421631,0.548548698425293,0.5757191181182861,0.6190692186355591,8.398090362548828,7.562553882598877,917.0,0.2869873344898224
0,,399,4.0,0.7222499847412109,0.5041059255599976,0.5789978504180908,0.5069921016693115,0.5096237659454346,9.690834999084473,7.863933563232422,1016.0,1.24790358543396
0,,409,4.0,0.7745500206947327,0.5838399529457092,0.5499222278594971,0.575468897819519,0.6186544895172119,8.617714881896973,7.749998569488525,1095.0,0.3177938163280487
0,,419,4.0,0.7131999731063843,0.5127471089363098,0.5847452282905579,0.5132440328598022,0.5161784291267395,9.147679328918457,8.110209465026855,1923.0,0.4527241885662079
0,,429,4.0,0.7913500070571899,0.5550446510314941,0.5413998365402222,0.551222562789917,0.6020732522010803,8.204821586608887,7.5408735275268555,953.0,0.12254811823368073
0,,439,4.0,0.7505000233650208,0.5537502765655518,0.5725023150444031,0.5507246851921082,0.5600318312644958,9.123279571533203,8.089155197143555,1457.0,0.4616222083568573
0,,449,4.0,0.8076000213623047,0.5380072593688965,0.5289183259010315,0.5371814370155334,0.5814428925514221,7.904941082000732,7.0802764892578125,500.0,0.29574620723724365
0,,459,4.0,0.784600019454956,0.5578824877738953,0.5444435477256775,0.5527197122573853,0.5743899941444397,8.479662895202637,7.735027313232422,1156.0,0.20019230246543884
0,,469,4.0,0.7752500176429749,0.5164946913719177,0.5512686967849731,0.516755223274231,0.5233516097068787,10.826964378356934,7.678637504577637,865.0,2.5970582962036133
0,,479,4.0,0.7993500232696533,0.5587118864059448,0.5319762825965881,0.552783191204071,0.5789999961853027,8.618237495422363,7.692605495452881,1292.0,0.39365532994270325
0,,489,4.0,0.7910000085830688,0.5282554030418396,0.5365159511566162,0.5283369421958923,0.5500112771987915,10.023971557617188,7.304929256439209,637.0,2.182526111602783
0,,499,4.0,0.7221999764442444,0.5314998030662537,0.5755276083946228,0.5370151996612549,0.5303786993026733,9.234152793884277,8.533267974853516,2774.0,0.1253574937582016
0,,509,4.0,0.7150999903678894,0.5300570130348206,0.597956120967865,0.550031840801239,0.5323507785797119,9.424830436706543,8.58387279510498,2958.0,0.24300193786621094
0,,519,4.0,0.7882500290870667,0.5565332174301147,0.5391959547996521,0.5578648447990417,0.5553787350654602,9.49075698852539,8.024002075195312,1695.0,0.9275592565536499
0,,529,4.0,0.6747000217437744,0.5292918086051941,0.6139786243438721,0.5628974437713623,0.5377445816993713,9.689798355102539,8.830750465393066,2981.0,0.24506905674934387
0,,539,4.0,0.8449500203132629,0.5517793893814087,0.4898415505886078,0.5466482043266296,0.6486793756484985,7.237640857696533,6.53953742980957,339.0,0.20826198160648346
0,,549,4.0,0.8201500177383423,0.6019977331161499,0.5232942700386047,0.5978125333786011,0.6071167588233948,8.501239776611328,7.842647075653076,1180.0,0.1352984607219696
0,,559,4.0,0.8428000211715698,0.6181787848472595,0.49996718764305115,0.6054806709289551,0.6399879455566406,8.118514060974121,7.580855846405029,1137.0,0.037691421806812286
0,,569,4.0,0.7957000136375427,0.5371474027633667,0.5276927947998047,0.5345194339752197,0.5526495575904846,8.350354194641113,7.56278133392334,921.0,0.2598802149295807
0,,579,4.0,0.8105999827384949,0.5902836918830872,0.5160717368125916,0.5863649249076843,0.595242440700531,8.685293197631836,7.82951021194458,1209.0,0.33971142768859863
0,,589,4.0,0.8096500039100647,0.6358515024185181,0.5088585019111633,0.6465566754341125,0.627991795539856,9.262846946716309,8.585003852844238,2806.0,0.16898486018180847
0,,599,4.0,0.8841500282287598,0.5641592144966125,0.4680125117301941,0.5510905981063843,0.672370195388794,7.103648662567139,6.506217956542969,211.0,0.1294185370206833
0,,609,4.0,0.8865000009536743,0.6179550290107727,0.47214779257774353,0.5962294340133667,0.6702089905738831,8.05707836151123,7.339007377624512,540.0,0.24592283368110657
0,,619,4.0,0.8314499855041504,0.5649862289428711,0.5007792115211487,0.5650519728660583,0.5649207234382629,8.522770881652832,7.796265602111816,1022.0,0.22572579979896545
0,,629,4.0,0.8790500164031982,0.6081840991973877,0.4702857434749603,0.5900281071662903,0.6492763757705688,8.223569869995117,7.186810493469238,381.0,0.5664736032485962
0,,639,4.0,0.8759499788284302,0.6530240774154663,0.4786696434020996,0.6489843130111694,0.6574351191520691,10.644028663635254,7.513063430786133,771.0,2.6522955894470215
0,,649,4.0,0.8979499936103821,0.6211986541748047,0.4567924439907074,0.6003388166427612,0.6639949679374695,8.223355293273926,6.93989896774292,415.0,0.8266642093658447
0,,659,4.0,0.8290500044822693,0.6262136101722717,0.4893184006214142,0.6515273451805115,0.6124445199966431,9.228475570678711,8.410466194152832,1927.0,0.32869085669517517
0,,669,4.0,0.9023500084877014,0.562197744846344,0.4538464844226837,0.5511366128921509,0.5901541113853455,7.301889419555664,6.794857978820801,269.0,0.053184833377599716
0,,679,4.0,0.8561000227928162,0.6259584426879883,0.4806743562221527,0.6294026374816895,0.6228194236755371,9.487322807312012,8.103462219238281,1389.0,0.903186023235321
0,,689,4.0,0.8572999835014343,0.6426917314529419,0.4761684536933899,0.6492605805397034,0.6370344758033752,8.298531532287598,7.617267608642578,901.0,0.20509487390518188
0,,699,4.0,0.902999997138977,0.6292098760604858,0.45124363899230957,0.6216795444488525,0.6382492184638977,7.809248924255371,7.234008312225342,582.0,0.12399657815694809
0,,709,4.0,0.8405500054359436,0.6500045657157898,0.4954180121421814,0.6831575632095337,0.6321690678596497,8.517046928405762,7.983624458312988,1237.0,0.03800534829497337
0,,719,4.0,0.8575000166893005,0.587962806224823,0.4751858413219452,0.6014148592948914,0.5794607400894165,8.260300636291504,7.735722541809082,1209.0,0.04939303547143936
0,,729,4.0,0.8935499787330627,0.5869734287261963,0.45224693417549133,0.582475483417511,0.5923550128936768,7.73991060256958,7.202593803405762,598.0,0.0850694328546524
0,,739,4.0,0.9114500284194946,0.7621796727180481,0.43130263686180115,0.7887177467346191,0.7416082620620728,8.587919235229492,8.068913459777832,1525.0,0.08770239353179932
0,,749,4.0,0.8299499750137329,0.606787919998169,0.4958982467651367,0.629898726940155,0.5947850346565247,8.8213472366333,8.094924926757812,1662.0,0.23052436113357544
0,,759,4.0,0.8513500094413757,0.6823057532310486,0.46526825428009033,0.7180154919624329,0.661583423614502,8.853604316711426,8.30586051940918,1686.0,0.0824752077460289
0,,769,4.0,0.8101500272750854,0.5172121524810791,0.5145874619483948,0.5247038006782532,0.5169466137886047,20.94068145751953,8.012697219848633,1619.0,12.413395881652832
0,,779,4.0,0.8919000029563904,0.6250941157341003,0.4529194235801697,0.6681612133979797,0.6040844321250916,8.911643981933594,7.816913604736328,774.0,0.6418112516403198
0,,789,4.0,0.9063000082969666,0.6316357254981995,0.4289782643318176,0.6265684366226196,0.637319803237915,9.098102569580078,7.117848873138428,506.0,1.5512750148773193
0,,799,4.0,0.9139999747276306,0.579858124256134,0.4256208837032318,0.5765916109085083,0.5835703611373901,8.812553405761719,7.2293853759765625,579.0,1.1575472354888916
0,,809,4.0,0.7789000272750854,0.5570564866065979,0.5318570137023926,0.6515362858772278,0.5577660799026489,9.06379508972168,8.32315731048584,2410.0,0.2087806761264801
0,,819,4.0,0.8517500162124634,0.5767712593078613,0.4555675685405731,0.5834996700286865,0.5718045830726624,8.263185501098633,7.694836139678955,1097.0,0.11278154700994492
0,,829,4.0,0.8510500192642212,0.5686063170433044,0.4467732310295105,0.5735014081001282,0.5648407340049744,8.438047409057617,7.683276653289795,1361.0,0.30799809098243713
0,,839,4.0,0.7658500075340271,0.5390456914901733,0.5194306373596191,0.7181270122528076,0.5535592436790466,9.221830368041992,8.615148544311523,2946.0,0.08725155889987946
0,,849,4.0,0.8992000222206116,0.6342907547950745,0.43301424384117126,0.6403834223747253,0.6289063692092896,8.196900367736816,7.580925464630127,842.0,0.18296024203300476
0,,859,4.0,0.8952999711036682,0.6920644640922546,0.43324556946754456,0.7321466207504272,0.6672287583351135,8.721433639526367,7.513400077819824,675.0,0.7747883796691895
0,,869,4.0,0.9232500195503235,0.6452219486236572,0.4084987938404083,0.633223831653595,0.6605266332626343,8.065500259399414,6.844963550567627,463.0,0.8120377659797668
0,,879,4.0,0.8012499809265137,0.5895804762840271,0.5112597942352295,0.7234294414520264,0.5807351469993591,9.36747932434082,8.480656623840332,2723.0,0.3755625784397125
0,,889,4.0,0.8691499829292297,0.6579951643943787,0.4391588866710663,0.6930302977561951,0.6378238797187805,8.352763175964355,7.70079231262207,833.0,0.21281246840953827
0,,899,4.0,0.9049500226974487,0.6442452073097229,0.417812317609787,0.6685665249824524,0.6277645826339722,8.467123985290527,7.305501461029053,699.0,0.7438101172447205
0,,909,4.0,0.8755000233650208,0.5983061194419861,0.4385063052177429,0.6469208002090454,0.5804733037948608,8.404135704040527,7.6225690841674805,1117.0,0.34306028485298157
0,,919,4.0,0.8582500219345093,0.601189374923706,0.4458150267601013,0.6427667737007141,0.5849172472953796,8.519319534301758,8.00356674194336,1700.0,0.06993754953145981
0,,929,4.0,0.8486999869346619,0.6559391021728516,0.4415454566478729,0.7173858880996704,0.6312767267227173,8.754667282104492,8.119088172912598,1679.0,0.19403409957885742
0,,939,4.0,0.6549500226974487,0.4348645508289337,0.6522256731987,0.6097008585929871,0.5129224061965942,9.599282264709473,8.853551864624023,2807.0,0.09350508451461792
0,,949,4.0,0.8433499932289124,0.5920684337615967,0.504021406173706,0.6713588237762451,0.5761340260505676,10.105826377868652,8.09888744354248,1881.0,1.5029172897338867
0,,959,4.0,0.8019000291824341,0.628781259059906,0.49944165349006653,0.8205088376998901,0.6133158206939697,9.025036811828613,8.39896011352539,2079.0,0.12663470208644867
0,,969,4.0,0.8890500068664551,0.660900354385376,0.4112955927848816,0.7130721807479858,0.634586751461029,8.431510925292969,7.795088768005371,1439.0,0.2251267433166504
0,,979,4.0,0.9408000111579895,0.6403489708900452,0.3846142888069153,0.676551342010498,0.6181778311729431,7.826096534729004,6.983460426330566,475.0,0.4580216109752655
0,,989,4.0,0.8984500169754028,0.63371741771698,0.4081583619117737,0.6778719425201416,0.6112990379333496,7.867020130157471,7.378951072692871,730.0,0.07991056144237518
0,,999,4.0,0.829800009727478,0.595168948173523,0.46160414814949036,0.7806606888771057,0.5814239978790283,9.03822135925293,8.429551124572754,2428.0,0.147066131234169
0,,1009,4.0,0.8736000061035156,0.5600821375846863,0.4432770907878876,0.6065859794616699,0.5494456887245178,10.634686470031738,8.05364990234375,1648.0,2.13775897026062
0,,1019,4.0,0.908050000667572,0.6104417443275452,0.39392364025115967,0.6131937503814697,0.607872486114502,7.6735944747924805,7.191858291625977,593.0,0.08781258761882782
0,,1029,4.0,0.9107499718666077,0.6468510627746582,0.41552597284317017,0.7861911058425903,0.6088306903839111,8.559245109558105,7.75039529800415,1029.0,0.3933238387107849
0,,1039,4.0,0.8735499978065491,0.5929960012435913,0.419925719499588,0.6507272720336914,0.5752281546592712,8.336183547973633,7.781785011291504,1473.0,0.1344728171825409
0,,1049,4.0,0.8748499751091003,0.6542803049087524,0.4036092758178711,0.6818418502807617,0.6367893218994141,8.399351119995117,7.899322032928467,1610.0,0.09642034769058228
0,,1059,4.0,0.9053500294685364,0.6045612096786499,0.3986680507659912,0.6396971344947815,0.586882472038269,9.113887786865234,7.347651958465576,669.0,1.3675678968429565
0,,1069,4.0,0.9521999955177307,0.7438046932220459,0.3602884113788605,0.7633941173553467,0.7273267507553101,7.478105068206787,7.053562164306641,419.0,0.06425447762012482
0,,1079,4.0,0.8160499930381775,0.5517857074737549,0.47235697507858276,0.6835198998451233,0.5515819787979126,9.041187286376953,8.34151840209961,1794.0,0.22731207311153412
0,,1089,4.0,0.8243499994277954,0.5656548738479614,0.45108094811439514,0.6675815582275391,0.5587782859802246,8.758167266845703,8.266029357910156,2245.0,0.041056741029024124
0,,1099,4.0,0.9419999718666077,0.8057560920715332,0.3526429831981659,0.8491849303245544,0.7739178538322449,8.162679672241211,7.655162811279297,1070.0,0.1548735350370407
0,,1109,4.0,0.956849992275238,0.7925370931625366,0.35705283284187317,0.8602405786514282,0.7487329840660095,7.6874847412109375,7.308516979217529,803.0,0.021915065124630928
0,,1119,4.0,0.948199987411499,0.6370240449905396,0.3601416349411011,0.6927797198295593,0.6087728142738342,8.141182899475098,7.137242794036865,603.0,0.643798291683197
0,,1129,4.0,0.913349986076355,0.6523771286010742,0.3783886134624481,0.7047763466835022,0.6253365874290466,8.14912223815918,7.727013111114502,1195.0,0.043720562011003494
0,,1139,4.0,0.8789499998092651,0.6428673267364502,0.3913816511631012,0.782626748085022,0.6100444197654724,8.6579008102417,8.16135311126709,2080.0,0.1051667258143425
0,,1149,4.0,0.9061999917030334,0.7319083213806152,0.37212181091308594,0.7813374400138855,0.701200008392334,8.438380241394043,7.608377933502197,888.0,0.45788076519966125
0,,1159,4.0,0.8543499708175659,0.5633635520935059,0.4491115212440491,0.6377574801445007,0.5532708168029785,9.68179988861084,7.888031005859375,1323.0,1.3446567058563232
0,,1169,4.0,0.8510000109672546,0.5341856479644775,0.4263909161090851,0.6476779580116272,0.5352636575698853,8.70961856842041,8.223753929138184,1847.0,0.0594739094376564
0,,1179,4.0,0.9439499974250793,0.7858148217201233,0.35025763511657715,0.805679440498352,0.7688784599304199,8.101944923400879,7.619473457336426,1076.0,0.13221314549446106
0,,1189,4.0,0.8700500130653381,0.6540782451629639,0.41263121366500854,0.7765057682991028,0.6213828325271606,8.72177505493164,8.126105308532715,1717.0,0.18303871154785156
0,,1199,4.0,0.9563500285148621,0.7325899600982666,0.3328169286251068,0.717301607131958,0.7506114840507507,7.094851016998291,6.686020851135254,322.0,0.07601314038038254
0,,1209,4.0,0.9139000177383423,0.694770336151123,0.3701438009738922,0.8605684041976929,0.6451172828674316,8.53516674041748,7.716197967529297,793.0,0.4488244652748108
0,,1219,4.0,0.9032999873161316,0.7045270800590515,0.36911627650260925,0.7999499440193176,0.6637460589408875,8.743952751159668,8.246091842651367,2004.0,0.12874525785446167
0,,1229,4.0,0.9471499919891357,0.8181442022323608,0.33040833473205566,0.846748948097229,0.7948364019393921,7.9399003982543945,7.582584857940674,1189.0,0.02690693736076355
0,,1239,4.0,0.9680500030517578,0.6788747906684875,0.32847610116004944,0.66031813621521,0.7029511332511902,6.557046413421631,6.101550579071045,131.0,0.12702003121376038
0,,1249,4.0,0.8230000138282776,0.5531607270240784,0.42596185207366943,0.7148275375366211,0.5527223944664001,9.084814071655273,8.584589004516602,3014.0,0.07426377385854721
0,,1259,4.0,0.9469000101089478,0.7403605580329895,0.3400864899158478,0.8087010383605957,0.6997329592704773,8.125566482543945,7.0292439460754395,445.0,0.7562360167503357
0,,1269,4.0,0.9008499979972839,0.6584308743476868,0.37582874298095703,0.7236508131027222,0.6285955309867859,8.210555076599121,7.641534328460693,1103.0,0.19319204986095428
0,,1279,4.0,0.9560999870300293,0.7299990057945251,0.33315399289131165,0.7984393835067749,0.6894397139549255,8.404336929321289,7.157260417938232,495.0,0.9139220118522644
0,,1289,4.0,0.9240000247955322,0.7014226913452148,0.36506032943725586,0.8113681077957153,0.6561191082000732,8.437594413757324,7.71212100982666,944.0,0.36041396856307983
0,,1299,4.0,0.9010499715805054,0.6250783205032349,0.3672599792480469,0.682106077671051,0.600700318813324,8.025405883789062,7.603932857513428,1289.0,0.05421321839094162
0,,1309,4.0,0.8430500030517578,0.5488166213035583,0.42105722427368164,0.6677675247192383,0.5456746220588684,8.67855453491211,8.18860149383545,1688.0,0.06889556348323822
0,,1319,4.0,0.9506499767303467,0.6742202043533325,0.32969897985458374,0.7705000638961792,0.6323537230491638,8.22475814819336,7.41415548324585,617.0,0.480903297662735
0,,1329,4.0,0.8883500099182129,0.6208622455596924,0.39453768730163574,0.765209436416626,0.591356635093689,8.205291748046875,7.683691024780273,852.0,0.12706245481967926
0,,1339,4.0,0.9719499945640564,0.749078631401062,0.30717775225639343,0.758480429649353,0.7403944730758667,6.839548110961914,6.454310417175293,306.0,0.07806035131216049
0,,1349,4.0,0.8481500148773193,0.622197687625885,0.43084716796875,0.8504197597503662,0.5983511805534363,8.499055862426758,7.975044250488281,1353.0,0.09316427260637283
0,,1359,4.0,0.9340500235557556,0.6981079578399658,0.33562058210372925,0.854977011680603,0.6456362009048462,8.212822914123535,7.432770252227783,652.0,0.44443193078041077
0,,1369,4.0,0.7859500050544739,0.5124966502189636,0.4859909117221832,0.6854726076126099,0.533584475517273,9.047500610351562,8.35550308227539,2406.0,0.20600731670856476
0,,1379,4.0,0.8877000212669373,0.6172351837158203,0.3765260577201843,0.7207024097442627,0.5904114246368408,8.356446266174316,7.759182929992676,1438.0,0.22073733806610107
0,,1389,4.0,0.9556499719619751,0.8066521883010864,0.31415924429893494,0.8847216367721558,0.7581454515457153,7.789668083190918,7.422901153564453,923.0,0.05260743945837021
0,,1399,4.0,0.9480000138282776,0.7064959406852722,0.32704171538352966,0.8167933225631714,0.6578770279884338,7.684876441955566,6.960423469543457,558.0,0.3974115550518036
0,,1409,4.0,0.8573499917984009,0.627000093460083,0.38805997371673584,0.7223526239395142,0.6021983027458191,8.614649772644043,8.011832237243652,1592.0,0.21475832164287567
0,,1419,4.0,0.9325500130653381,0.7282699346542358,0.32819071412086487,0.7856497764587402,0.6932045221328735,7.869855880737305,7.345582485198975,605.0,0.19608263671398163
0,,1429,4.0,0.924049973487854,0.6812940239906311,0.32532164454460144,0.7574281692504883,0.644910991191864,7.6316399574279785,7.2229390144348145,880.0,0.08337943255901337
0,,1439,4.0,0.8335999846458435,0.5313076972961426,0.46787548065185547,0.6887224316596985,0.5373125076293945,8.859068870544434,8.02522087097168,1387.0,0.3659724295139313
0,,1449,4.0,0.9176499843597412,0.6254595518112183,0.3275267779827118,0.62663334608078,0.6243147253990173,7.6468377113342285,7.145147323608398,702.0,0.1741636097431183
0,,1459,4.0,0.9656000137329102,0.7392657995223999,0.29121825098991394,0.7552380561828613,0.72536700963974,6.998968601226807,6.55004358291626,329.0,0.15770679712295532
0,,1469,4.0,0.8252500295639038,0.6276849508285522,0.4191032648086548,0.8436100482940674,0.6074267625808716,9.089507102966309,8.556612014770508,3126.0,0.1137918010354042
0,,1479,4.0,0.789900004863739,0.5334491729736328,0.48493295907974243,0.7403176426887512,0.5471857190132141,9.328106880187988,8.654465675354004,3269.0,0.18870851397514343
0,,1489,4.0,0.9158999919891357,0.575039267539978,0.35083484649658203,0.7736040353775024,0.554222047328949,8.042552947998047,7.473659515380859,681.0,0.21805819869041443
0,,1499,4.0,0.7534499764442444,0.5245599150657654,0.5238796472549438,0.6579352021217346,0.542870819568634,10.327762603759766,8.616312980651855,2476.0,1.1875693798065186
0,,1509,4.0,0.8894500136375427,0.6022307276725769,0.3514600396156311,0.654973030090332,0.582406759262085,8.366170883178711,7.815548419952393,1469.0,0.1991623491048813
0,,1519,4.0,0.9139000177383423,0.7419484853744507,0.3379453718662262,0.8618673086166382,0.6916946768760681,8.375947952270508,7.672134876251221,832.0,0.3658680021762848
0,,1529,4.0,0.95660001039505,0.7930169105529785,0.3068728744983673,0.9113472700119019,0.7324671745300293,7.834558963775635,7.298562049865723,876.0,0.229124054312706
0,,1539,4.0,0.8291500210762024,0.5231900811195374,0.439914345741272,0.7187745571136475,0.5343838334083557,8.737794876098633,8.106922149658203,1779.0,0.19095776975154877
0,,1549,4.0,0.9057999849319458,0.737633466720581,0.34266749024391174,0.8658189177513123,0.687776505947113,8.190803527832031,7.783148765563965,1057.0,0.06498695909976959
0,,1559,4.0,0.9205499887466431,0.625998854637146,0.345658540725708,0.6894711256027222,0.5990764498710632,8.562445640563965,7.52894926071167,672.0,0.6878373622894287
0,,1569,4.0,0.8326500058174133,0.5896199941635132,0.4284423887729645,0.8299363851547241,0.5779476165771484,9.401301383972168,8.08815860748291,1598.0,0.884700357913971
0,,1579,4.0,0.8695999979972839,0.5289354920387268,0.39292797446250916,0.6091518402099609,0.5288047194480896,8.511153221130371,7.901946067810059,1180.0,0.216279074549675
0,,1589,4.0,0.8826000094413757,0.6308807134628296,0.36953097581863403,0.7640957832336426,0.600318431854248,8.224512100219727,7.724496364593506,965.0,0.13048464059829712
0,,1599,4.0,0.8029500246047974,0.5162410736083984,0.4670140743255615,0.6980497241020203,0.5336764454841614,8.922961235046387,8.314306259155273,2224.0,0.1416410505771637
0,,1609,4.0,0.9106000065803528,0.6444323658943176,0.31810733675956726,0.6406947374343872,0.6484562754631042,7.792063236236572,7.06807804107666,628.0,0.40587785840034485
0,,1619,4.0,0.9322999715805054,0.6503026485443115,0.3190053105354309,0.7290482521057129,0.6164714097976685,8.04584789276123,7.256264686584473,582.0,0.47057783603668213
0,,1629,4.0,0.8150500059127808,0.5849838256835938,0.40273526310920715,0.8062569499015808,0.5777468085289001,9.044485092163086,8.556926727294922,3173.0,0.08482244610786438
0,,1639,4.0,0.9606000185012817,0.73750901222229,0.28945809602737427,0.8309065103530884,0.6882281303405762,7.771190166473389,6.992035865783691,510.0,0.48969605565071106
0,,1649,4.0,0.9391000270843506,0.5897336602210999,0.3072145879268646,0.6285574436187744,0.571418046951294,7.256062984466553,6.801931858062744,486.0,0.14691656827926636
0,,1659,4.0,0.8712000250816345,0.5395203232765198,0.36773309111595154,0.6265430450439453,0.5355746746063232,8.24658489227295,7.817677974700928,1526.0,0.06117386743426323
0,,1669,4.0,0.883400022983551,0.6442562341690063,0.34906715154647827,0.8380931615829468,0.6085734963417053,8.822258949279785,8.011682510375977,1835.0,0.4615095257759094
0,,1679,4.0,0.9476500153541565,0.6981774568557739,0.29541662335395813,0.817825436592102,0.6490499973297119,7.945253849029541,7.375547885894775,583.0,0.27428916096687317
0,,1689,4.0,0.9290500283241272,0.7044389843940735,0.31188473105430603,0.8551591634750366,0.6523333787918091,8.215102195739746,7.50084924697876,676.0,0.40236788988113403
0,,1699,4.0,0.8080999851226807,0.5200579166412354,0.4606095254421234,0.6781280636787415,0.5341199636459351,9.432233810424805,8.630328178405762,2690.0,0.34129613637924194
0,,1709,4.0,0.9531999826431274,0.803973913192749,0.27944573760032654,0.8388180732727051,0.7766854763031006,7.975430965423584,7.601116180419922,958.0,0.09486918896436691
0,,1719,4.0,0.9195500016212463,0.6132006645202637,0.3053036034107208,0.661578893661499,0.5908924341201782,7.776328086853027,7.411086082458496,868.0,0.05993828549981117
0,,1729,4.0,0.8804000020027161,0.5525023937225342,0.36551061272621155,0.6347969770431519,0.5432674288749695,8.28573989868164,7.689706802368164,1091.0,0.23052199184894562
0,,1739,4.0,0.9469500184059143,0.7533620595932007,0.28615638613700867,0.8532320261001587,0.7021738886833191,7.7644362449646,7.2458696365356445,708.0,0.2324104756116867
0,,1749,4.0,0.9660999774932861,0.7255717515945435,0.26994454860687256,0.7828161716461182,0.6890003681182861,7.223156452178955,6.667985916137695,291.0,0.28522592782974243
0,,1759,4.0,0.843500018119812,0.5607815384864807,0.3824642300605774,0.7327378392219543,0.555000901222229,9.096854209899902,8.164626121520996,2195.0,0.5497637987136841
0,,1769,4.0,0.9298999905586243,0.7402065396308899,0.2981094717979431,0.8042974472045898,0.7022206783294678,8.08919906616211,7.298144340515137,749.0,0.4929448962211609
0,,1779,4.0,0.9010999798774719,0.6411840915679932,0.33431243896484375,0.7405221462249756,0.6087255477905273,8.211230278015137,7.714084148406982,1195.0,0.16283322870731354
0,,1789,4.0,0.9399499893188477,0.7745211124420166,0.2945048213005066,0.8779974579811096,0.7214536666870117,8.202857971191406,7.672851085662842,810.0,0.23550251126289368
0,,1799,4.0,0.8374500274658203,0.5760108232498169,0.39829307794570923,0.6596792340278625,0.5643893480300903,8.62839412689209,8.049076080322266,1328.0,0.18102476000785828
0,,1809,4.0,0.8722500205039978,0.6662347912788391,0.3773670792579651,0.8418669700622559,0.6285447478294373,8.43730640411377,7.94376277923584,1175.0,0.11617618799209595
0,,1819,4.0,0.7360000014305115,0.5097962021827698,0.6325927972793579,0.7208376526832581,0.5422747135162354,9.782827377319336,8.63164234161377,2419.0,0.518592357635498
0,,1829,4.0,0.8635500073432922,0.5980113744735718,0.36659321188926697,0.6513315439224243,0.5805032253265381,9.177867889404297,7.814629554748535,1198.0,0.9966453313827515
0,,1839,4.0,0.944599986076355,0.7471177577972412,0.2756034731864929,0.7933984994888306,0.715295135974884,7.536642551422119,7.13833475112915,559.0,0.12270434945821762
0,,1849,4.0,0.9503499865531921,0.7311584949493408,0.27032774686813354,0.7911765575408936,0.6939464807510376,7.427809715270996,7.0904221534729,440.0,0.06706002354621887
