lr-Adam/pg1,lr-Adam/pg2,step,train/batch_size,train/cls_loss,train/cls_acc,train/cls_precision,train/cls_recall,train/cls_f1,train/mat_loss,train/n_critical_max,train/rig_loss,train/loss,epoch
1e-06,9.999999999999999e-06,0,,,,,,,,,,,
,,9,3.0,0.4260931611061096,0.8240000009536743,0.49921533465385437,0.491122305393219,0.4620411992073059,5.053956508636475,99.0,3.911256790161133,9.391305923461914,0
,,19,3.0,0.7356568574905396,0.8051333427429199,0.5137414932250977,0.6106163859367371,0.4834802448749542,7.640523910522461,152.0,8.28980541229248,16.665985107421875,0
,,29,3.0,0.537467896938324,0.8081333041191101,0.5089883804321289,0.5690476298332214,0.4778355360031128,7.131431579589844,277.0,51.362152099609375,59.03105163574219,0
,,39,3.0,0.4798617959022522,0.8291333317756653,0.5068594813346863,0.5540543794631958,0.4792976975440979,8.75351619720459,154.0,3.8211669921875,13.054545402526855,0
,,49,3.0,0.5225122570991516,0.8322666883468628,0.5028261542320251,0.5293559432029724,0.47060999274253845,6.1871819496154785,142.0,18.03400230407715,24.743696212768555,0
,,59,3.0,0.5545284748077393,0.8456000089645386,0.5178325176239014,0.5702729225158691,0.5085856914520264,8.834480285644531,221.0,18.322298049926758,27.711307525634766,0
,,69,3.0,0.3024003505706787,0.8827999830245972,0.49742552638053894,0.47522082924842834,0.47392386198043823,4.718622207641602,78.0,0.45023924112319946,5.471261978149414,0
,,79,3.0,0.5319565534591675,0.8069999814033508,0.4977028965950012,0.4818516969680786,0.4602067768573761,7.00022029876709,109.0,2.8039276599884033,10.336104393005371,0
,,89,3.0,0.6182489395141602,0.7802666425704956,0.4992314577102661,0.495022177696228,0.45970216393470764,6.632624626159668,280.0,4.6688385009765625,11.91971206665039,0
,,99,3.0,0.6835628151893616,0.8225333094596863,0.4937935769557953,0.47736382484436035,0.47164246439933777,6.481601238250732,334.0,4.732788562774658,11.897953033447266,0
,,109,3.0,0.39101913571357727,0.8799333572387695,0.49300000071525574,0.4706324636936188,0.47568896412849426,7.637392520904541,189.0,0.4771127700805664,8.505524635314941,0
,,119,3.0,0.5005767941474915,0.8676000237464905,0.49033114314079285,0.4649888873100281,0.47244155406951904,5.693708896636963,241.0,10.8765869140625,17.070873260498047,0
,,129,3.0,0.5400406718254089,0.8230000138282776,0.49164143204689026,0.4487808048725128,0.45844143629074097,11.735921859741211,218.0,0.17376689612865448,12.449729919433594,0
,,139,3.0,0.3856460750102997,0.8668000102043152,0.5090424418449402,0.5680227875709534,0.4916117191314697,6.229154109954834,140.0,25.543384552001953,32.15818405151367,0
,,149,3.0,0.420326292514801,0.8795999884605408,0.5149073600769043,0.6258225440979004,0.5028321146965027,6.01854133605957,157.0,2.826231002807617,9.265098571777344,0
,,159,3.0,0.4165266156196594,0.8965333104133606,0.5427384972572327,0.6046576499938965,0.5534249544143677,6.530488014221191,301.0,10.658405303955078,17.605419158935547,0
,,169,3.0,0.5802430510520935,0.8408666849136353,0.49415820837020874,0.4765756130218506,0.472866028547287,6.152710914611816,290.0,4.808825492858887,11.541779518127441,0
,,179,3.0,0.38964158296585083,0.8768666386604309,0.4996550381183624,0.49789348244667053,0.48082783818244934,5.811756610870361,128.0,0.7122476100921631,6.9136457443237305,0
,,189,3.0,0.3732093870639801,0.8858000040054321,0.5233885645866394,0.611119270324707,0.5217793583869934,11.578720092773438,209.0,0.9525177478790283,12.904446601867676,0
,,199,3.0,0.2438419610261917,0.906333327293396,0.4982910454273224,0.48235899209976196,0.47965672612190247,7.375657558441162,60.0,0.08553649485111237,7.705036163330078,0
,,209,3.0,0.45419609546661377,0.8389333486557007,0.4844767451286316,0.4484426975250244,0.46229127049446106,7.642378330230713,245.0,1.7649455070495605,9.861520767211914,0
,,219,3.0,0.2312268763780594,0.9231333136558533,0.4950307309627533,0.46588385105133057,0.48001524806022644,7.022923469543457,64.0,0.13594314455986023,7.3900933265686035,0
,,229,3.0,0.4472779333591461,0.8666666746139526,0.5201138854026794,0.6591954827308655,0.5086605548858643,6.6493306159973145,116.0,1.8728169202804565,8.969425201416016,0
,,239,3.0,0.43059027194976807,0.864799976348877,0.4868345856666565,0.46958333253860474,0.475247859954834,9.29637622833252,514.0,1.8291352987289429,11.55610179901123,0
,,249,3.0,0.39452600479125977,0.8842666745185852,0.49148473143577576,0.46679067611694336,0.4749625623226166,7.2112650871276855,257.0,0.32965582609176636,7.935446739196777,0
,,259,3.0,0.31744444370269775,0.896399974822998,0.49636292457580566,0.466502845287323,0.47523823380470276,4.6644415855407715,75.0,0.851432204246521,5.83331823348999,0
,,269,3.0,0.364479124546051,0.8820666670799255,0.49025020003318787,0.454850435256958,0.4703526794910431,5.899094581604004,171.0,1.3925588130950928,7.656132698059082,0
,,279,3.0,0.3655549883842468,0.8835333585739136,0.490733802318573,0.4674280881881714,0.47527703642845154,6.9050822257995605,194.0,4.458035945892334,11.728672981262207,0
,,289,3.0,0.26035451889038086,0.9207333326339722,0.48473256826400757,0.4741160273551941,0.4793655276298523,6.337372779846191,181.0,2.4874520301818848,9.085179328918457,0
,,299,3.0,0.34165748953819275,0.9251999855041504,0.5098202228546143,0.5184945464134216,0.5106756687164307,6.805758476257324,237.0,3.3998701572418213,10.547286033630371,0
,,309,3.0,0.45078790187835693,0.8859999775886536,0.492356538772583,0.47389134764671326,0.4783658981323242,8.800585746765137,151.0,2.045391321182251,11.296764373779297,0
,,319,3.0,0.44096362590789795,0.8708000183105469,0.48969271779060364,0.46525058150291443,0.47305431962013245,7.785542964935303,248.0,2.441222906112671,10.667729377746582,0
,,329,3.0,0.5510520339012146,0.8779333233833313,0.49708762764930725,0.4941619038581848,0.4918065071105957,7.64837121963501,291.0,5.4344377517700195,13.63386058807373,0
,,339,3.0,0.30818551778793335,0.9040666818618774,0.5057618021965027,0.5236946940422058,0.49856993556022644,7.186526775360107,165.0,1.624240756034851,9.118952751159668,0
,,349,3.0,0.3345918655395508,0.937666654586792,0.4863416254520416,0.4815131723880768,0.4839153587818146,6.568243026733398,314.0,6.388152599334717,13.290987014770508,0
,,359,3.0,0.29494449496269226,0.9211333394050598,0.4916209280490875,0.47827205061912537,0.4836578965187073,8.925285339355469,283.0,2.364865779876709,11.58509635925293,0
,,369,3.0,0.302866131067276,0.9169999957084656,0.49595096707344055,0.49229615926742554,0.4923759698867798,8.189661026000977,204.0,0.46922895312309265,8.961755752563477,0
,,379,3.0,0.24985475838184357,0.9276000261306763,0.4931236803531647,0.47754377126693726,0.4839635491371155,9.292880058288574,187.0,0.00827370211482048,9.551009178161621,0
,,389,3.0,0.36377355456352234,0.9259333610534668,0.4869915843009949,0.47470778226852417,0.4807712137699127,6.9228339195251465,323.0,13.180830955505371,20.467437744140625,0
,,399,3.0,0.42471185326576233,0.8962666392326355,0.5317763090133667,0.5857774615287781,0.5382673740386963,8.275887489318848,366.0,2.643998146057129,11.344597816467285,0
,,409,3.0,0.3039530813694,0.9079333543777466,0.4984859824180603,0.49662885069847107,0.493972510099411,7.125174045562744,320.0,1.1002237796783447,8.529351234436035,0
,,419,3.0,0.31569090485572815,0.9142000079154968,0.5713887810707092,0.6493008136749268,0.5917261838912964,7.134413242340088,373.0,2.5071616172790527,9.957265853881836,0
,,429,3.0,0.5437412858009338,0.8767333626747131,0.4802088737487793,0.4548000991344452,0.467159241437912,6.5802202224731445,377.0,2.6480586528778076,9.77202033996582,0
,,439,3.0,0.3972138464450836,0.9097333550453186,0.49492964148521423,0.4909210801124573,0.4913749694824219,8.971383094787598,219.0,1.0476287603378296,10.41622543334961,0
,,449,3.0,0.20879685878753662,0.9453333616256714,0.49521058797836304,0.4808541238307953,0.48716485500335693,5.568985939025879,98.0,0.1700575351715088,5.947840690612793,0
,,459,3.0,0.2748245894908905,0.9330000281333923,0.5169580578804016,0.5452051758766174,0.520338773727417,6.262669563293457,178.0,0.46753302216529846,7.0050272941589355,0
,,469,3.0,0.1983221024274826,0.944599986076355,0.4985867142677307,0.487265408039093,0.48814868927001953,4.797388076782227,59.0,0.7279659509658813,5.7236762046813965,0
,,479,3.0,0.39095690846443176,0.8988000154495239,0.5163149833679199,0.5239706039428711,0.5181745290756226,8.888587951660156,385.0,0.37160971760749817,9.651154518127441,0
,,489,3.0,0.5572820901870728,0.8492666482925415,0.5317779183387756,0.5805947184562683,0.5338085293769836,10.842891693115234,539.0,0.10589192807674408,11.50606632232666,0
,,499,3.0,0.24918223917484283,0.9430666565895081,0.5401126146316528,0.5872712135314941,0.5522201061248779,7.219865798950195,243.0,0.7396317720413208,8.208680152893066,0
,,509,3.0,0.2445046454668045,0.9440666437149048,0.5157071948051453,0.5184849500656128,0.5168715715408325,8.339452743530273,304.0,1.4415690898895264,10.025527000427246,0
,,519,3.0,0.1671629548072815,0.9508000016212463,0.495242714881897,0.47978201508522034,0.48738980293273926,6.350175380706787,64.0,0.11203333735466003,6.629371643066406,0
,,529,3.0,0.25520801544189453,0.9287999868392944,0.49839311838150024,0.4911521375179291,0.4880034923553467,5.61599588394165,87.0,0.27912235260009766,6.150326251983643,0
,,539,3.0,0.31829914450645447,0.9181333184242249,0.5143910646438599,0.5623045563697815,0.5134398341178894,7.116682529449463,112.0,0.7755481600761414,8.210530281066895,0
,,549,3.0,0.21148380637168884,0.9344666600227356,0.4990803897380829,0.49307122826576233,0.48809105157852173,6.025200366973877,64.0,0.3881377577781677,6.62482213973999,0
,,559,3.0,0.13386037945747375,0.960266649723053,0.4993892014026642,0.4973085820674896,0.4948466420173645,4.482970237731934,77.0,1.3992416858673096,6.0160722732543945,0
,,569,3.0,0.2545631527900696,0.9435333609580994,0.5195291638374329,0.534604549407959,0.5236061811447144,6.130989074707031,202.0,0.965886116027832,7.351438522338867,0
,,579,3.0,0.26332321763038635,0.9064666628837585,0.49355050921440125,0.4688582122325897,0.4782974421977997,6.602529525756836,100.0,1.6879743337631226,8.553827285766602,0
,,589,3.0,0.20272965729236603,0.9488666653633118,0.49331068992614746,0.4806172847747803,0.4868812561035156,7.167224884033203,100.0,0.234176367521286,7.604130744934082,0
,,599,3.0,0.2985389828681946,0.9226666688919067,0.49190425872802734,0.48493775725364685,0.4875165522098541,8.140439987182617,368.0,4.547647476196289,12.986626625061035,0
,,609,3.0,0.14449776709079742,0.9448666572570801,0.4990217089653015,0.48452314734458923,0.4870312511920929,7.013573169708252,20.0,0.002635923447087407,7.160706996917725,0
,,619,3.0,0.15530796349048615,0.9644666910171509,0.49284595251083374,0.4890804588794708,0.49095597863197327,5.40349006652832,115.0,0.20669926702976227,5.765497207641602,0
,,629,3.0,0.38892099261283875,0.928600013256073,0.49551358819007874,0.4948301315307617,0.4950939416885376,7.730700969696045,264.0,0.9642200469970703,9.083842277526855,0
,,639,3.0,0.29354992508888245,0.9327999949455261,0.5038439631462097,0.5192726850509644,0.49798130989074707,7.05396032333374,126.0,0.5203925967216492,7.867902755737305,0
,,649,3.0,0.27016833424568176,0.9236666560173035,0.493500679731369,0.4754525125026703,0.4827617108821869,8.137992858886719,105.0,0.2452908307313919,8.653451919555664,0
,,659,3.0,0.2317216545343399,0.9467333555221558,0.49574267864227295,0.48140183091163635,0.4875664710998535,6.070135116577148,108.0,0.427575021982193,6.729432106018066,0
,,669,3.0,0.2071034163236618,0.9538666605949402,0.4897651672363281,0.4866335690021515,0.4881943464279175,6.457479953765869,244.0,0.8400392532348633,7.504622459411621,0
,,679,3.0,0.22083713114261627,0.9415333271026611,0.5103651881217957,0.5209797620773315,0.5118860006332397,8.57930850982666,203.0,0.07280156761407852,8.872947692871094,0
,,689,3.0,0.23784062266349792,0.9465333223342896,0.48955243825912476,0.4830237329006195,0.48626619577407837,6.875339984893799,243.0,0.8143888115882874,7.927569389343262,0
,,699,3.0,0.12496441602706909,0.9669333100318909,0.49565988779067993,0.48759496212005615,0.4915943741798401,4.722203254699707,75.0,0.3561420738697052,5.203309535980225,0
,,709,3.0,0.39415574073791504,0.9001333117485046,0.49512508511543274,0.4880937933921814,0.4879477024078369,6.964583396911621,195.0,2.1322181224823,9.490957260131836,0
,,719,3.0,0.3955030143260956,0.9083333611488342,0.48742830753326416,0.47603079676628113,0.481010377407074,7.745213031768799,386.0,0.34671297669410706,8.487428665161133,0
,,729,3.0,0.3667062520980835,0.9251999855041504,0.5188097953796387,0.5237579345703125,0.5206712484359741,7.813143253326416,309.0,0.2424657791852951,8.42231559753418,0
,,739,3.0,0.14280955493450165,0.9594666957855225,0.5098392963409424,0.5376877188682556,0.5116597414016724,4.485590934753418,49.0,1.320263147354126,5.948663711547852,0
,,749,3.0,0.22101116180419922,0.9427333474159241,0.5126873850822449,0.5369386672973633,0.5148068070411682,6.773888111114502,128.0,0.32014167308807373,7.3150410652160645,0
,,759,3.0,0.20241573452949524,0.9367333054542542,0.5046089887619019,0.5183361172676086,0.5009415149688721,6.197799205780029,109.0,0.6534297466278076,7.053645133972168,0
,,769,3.0,0.15228432416915894,0.9567999839782715,0.5038707852363586,0.5130981206893921,0.5024682879447937,8.002822875976562,84.0,0.02003122866153717,8.175138473510742,0
,,779,3.0,0.3437612056732178,0.9342666864395142,0.488592267036438,0.4874785840511322,0.48802241683006287,7.115569591522217,266.0,1.116668462753296,8.57599925994873,0
,,789,3.0,0.5543915629386902,0.8687333464622498,0.4741215705871582,0.4706574082374573,0.4723442792892456,8.107346534729004,423.0,1.597884178161621,10.259622573852539,0
,,799,3.0,0.23555955290794373,0.9344000220298767,0.4962456226348877,0.4902626574039459,0.49103447794914246,7.173026084899902,235.0,1.0184903144836426,8.42707633972168,0
,,809,3.0,0.14969274401664734,0.9520666599273682,0.49408385157585144,0.48152267932891846,0.4877224266529083,5.114903926849365,95.0,0.3475184738636017,5.612114906311035,0
,,819,3.0,0.3578495681285858,0.9003333449363708,0.49787384271621704,0.4938522279262543,0.48991167545318604,7.4915924072265625,268.0,0.4915532171726227,8.340994834899902,0
,,829,3.0,0.143666073679924,0.9622666835784912,0.5052511096000671,0.5268774032592773,0.5041257739067078,4.471418380737305,32.0,0.02019771933555603,4.635282516479492,0
,,839,3.0,0.12614360451698303,0.9646000266075134,0.505376935005188,0.5164207816123962,0.5056108832359314,4.812828540802002,64.0,0.099460668861866,5.038432598114014,0
,,849,3.0,0.3777458667755127,0.9003333449363708,0.5233460664749146,0.5367384552955627,0.526809573173523,7.642329692840576,285.0,4.343732833862305,12.363808631896973,0
,,859,3.0,0.24919255077838898,0.9261333346366882,0.49443235993385315,0.4808105230331421,0.4852907955646515,5.578976631164551,135.0,1.3909176588058472,7.21908712387085,0
,,869,3.0,0.2863253057003021,0.9330666661262512,0.5293729901313782,0.5483222007751465,0.5352011919021606,7.1212334632873535,296.0,0.2723214328289032,7.679880142211914,0
,,879,3.0,0.15406523644924164,0.9601333141326904,0.4950541853904724,0.49174097180366516,0.4931515157222748,6.195796489715576,177.0,0.557722806930542,6.907584190368652,0
,,889,3.0,0.2964225709438324,0.9413999915122986,0.528354287147522,0.5385525822639465,0.5322338342666626,8.254293441772461,379.0,0.060800664126873016,8.611516952514648,0
,,899,3.0,0.2511557638645172,0.9391999840736389,0.4856641888618469,0.4851696789264679,0.4854164719581604,8.67474365234375,265.0,0.13838690519332886,9.064286231994629,0
,,909,3.0,0.11124169081449509,0.974133312702179,0.49609559774398804,0.4908297061920166,0.4934486150741577,7.038372993469238,108.0,0.574713945388794,7.724328994750977,0
,,919,3.0,0.229128897190094,0.9403333067893982,0.5014033913612366,0.5029483437538147,0.49977776408195496,6.871983051300049,161.0,1.1571576595306396,8.258269309997559,0
,,929,3.0,0.2095610648393631,0.9586666822433472,0.48881638050079346,0.4900824725627899,0.489448606967926,7.599339485168457,185.0,0.05970500409603119,7.868605136871338,0
,,939,3.0,0.18384145200252533,0.9616000056266785,0.5061482191085815,0.5096266269683838,0.5069839358329773,6.138019561767578,167.0,0.862974226474762,7.184834957122803,0
,,949,3.0,0.4169536530971527,0.9054666757583618,0.4762188792228699,0.4828612208366394,0.4793795645236969,8.369697570800781,333.0,2.464207649230957,11.250859260559082,0
,,959,3.0,0.2128080576658249,0.9366000294685364,0.510206937789917,0.5219453573226929,0.5114048719406128,6.2866926193237305,151.0,1.5718932151794434,8.071393966674805,0
,,969,3.0,0.0945981964468956,0.9739999771118164,0.4980568587779999,0.4888576567173004,0.49341437220573425,3.7537639141082764,38.0,0.17122924327850342,4.019591331481934,0
,,979,3.0,0.20564091205596924,0.9441333413124084,0.5205512046813965,0.5382590889930725,0.5251568555831909,6.879810333251953,216.0,0.5583091974258423,7.6437602043151855,0
,,989,3.0,0.22440364956855774,0.9560666680335999,0.5102798938751221,0.5159593224525452,0.5119125843048096,6.914783477783203,145.0,0.5798307061195374,7.71901798248291,0
,,999,3.0,0.26399457454681396,0.9345333576202393,0.5085058808326721,0.5101755857467651,0.5091097354888916,8.026033401489258,241.0,3.3929526805877686,11.68298053741455,0
,,1009,3.0,0.22885949909687042,0.9403333067893982,0.5196149349212646,0.552137017250061,0.5246655344963074,6.836946487426758,215.0,0.06804012507200241,7.133845806121826,0
,,1019,3.0,0.3964166045188904,0.9078666567802429,0.48088783025741577,0.4794252812862396,0.48014840483665466,7.4259233474731445,323.0,0.3733767569065094,8.195716857910156,0
,,1029,3.0,0.2336258739233017,0.9443333148956299,0.546740710735321,0.5879604816436768,0.5591582655906677,7.155222415924072,295.0,2.198519468307495,9.58736801147461,0
,,1039,3.0,0.2642003297805786,0.9341999888420105,0.5319928526878357,0.5383224487304688,0.5346944332122803,7.166014671325684,316.0,0.3915477395057678,7.821762561798096,0
,,1049,3.0,0.17646396160125732,0.9552666544914246,0.5410226583480835,0.5719130635261536,0.551104724407196,6.544005393981934,109.0,0.7812312245368958,7.5017008781433105,0
,,1059,3.0,0.2840089797973633,0.9319333434104919,0.5132178664207458,0.5235868692398071,0.5152767896652222,6.913121223449707,239.0,0.9301023483276367,8.127232551574707,0
,,1069,3.0,0.3144618570804596,0.9348666667938232,0.4813365936279297,0.48715850710868835,0.4841887950897217,7.274142742156982,320.0,0.9370806813240051,8.52568531036377,0
,,1079,3.0,0.12584766745567322,0.9608666896820068,0.5153106451034546,0.5675126910209656,0.5204085111618042,5.077223300933838,93.0,0.14221017062664032,5.34528112411499,0
,,1089,3.0,0.2290734350681305,0.9431999921798706,0.48850217461586,0.48230722546577454,0.4853849411010742,7.76983642578125,232.0,0.8346911072731018,8.833600997924805,0
,,1099,3.0,0.2852233052253723,0.9197333455085754,0.49125373363494873,0.48478394746780396,0.4872497320175171,6.811746597290039,248.0,1.067703127861023,8.1646728515625,0
,,1109,3.0,0.2859252989292145,0.9299333095550537,0.4945530593395233,0.4910757541656494,0.49208521842956543,7.439952373504639,309.0,1.0567103624343872,8.782588005065918,0
,,1119,3.0,0.24378567934036255,0.956333339214325,0.5126212239265442,0.5059483647346497,0.5065035820007324,6.590778827667236,236.0,6.031569004058838,12.866133689880371,0
,,1129,3.0,0.20229826867580414,0.9500666856765747,0.49476006627082825,0.488899290561676,0.49116790294647217,7.422603130340576,216.0,0.4172411262989044,8.042142868041992,0
,,1139,3.0,0.20008133351802826,0.9539333581924438,0.539294421672821,0.5363184809684753,0.5377248525619507,7.886237621307373,260.0,0.03759736940264702,8.123916625976562,0
,,1149,3.0,0.6096177101135254,0.9056000113487244,0.4883863925933838,0.4926452934741974,0.48959773778915405,8.765666007995605,592.0,0.5781444311141968,9.953428268432617,0
,,1159,3.0,0.29002660512924194,0.9391999840736389,0.5317512154579163,0.5512140989303589,0.5380799770355225,7.24611759185791,217.0,0.1530962437391281,7.689240455627441,0
,,1169,3.0,0.3025706112384796,0.9355999827384949,0.5303747057914734,0.5337209105491638,0.5319026708602905,7.506460189819336,349.0,0.05861605331301689,7.867647171020508,0
,,1179,3.0,0.2714962661266327,0.934066653251648,0.5183240175247192,0.5354166626930237,0.5220478177070618,7.335042476654053,208.0,0.19956550002098083,7.8061041831970215,0
,,1189,3.0,0.18153055012226105,0.9431333541870117,0.5006126165390015,0.5018981099128723,0.49681198596954346,6.605260848999023,154.0,0.46541157364845276,7.252202987670898,0
,,1199,3.0,0.2629443407058716,0.9164000153541565,0.4895758032798767,0.48086288571357727,0.484475314617157,6.440829277038574,216.0,0.4171734154224396,7.120946884155273,0
,,1209,3.0,0.21465256810188293,0.9466666579246521,0.4935399889945984,0.4874754548072815,0.49002063274383545,7.274084568023682,236.0,0.15331625938415527,7.642053604125977,0
,,1219,3.0,0.12871582806110382,0.949400007724762,0.5068764090538025,0.5580596327781677,0.5035706162452698,4.2521162033081055,39.0,0.20864024758338928,4.58947229385376,0
,,1229,3.0,0.16384074091911316,0.9626666903495789,0.5165026783943176,0.5236627459526062,0.5190976858139038,6.971503734588623,190.0,0.43104544281959534,7.566390037536621,0
,,1239,3.0,0.08834195882081985,0.9737333059310913,0.5137408971786499,0.5865373611450195,0.5197833180427551,3.993704080581665,32.0,0.36476147174835205,4.446807384490967,0
,,1249,3.0,0.3049096465110779,0.9346666932106018,0.5130862593650818,0.5070068836212158,0.5073577761650085,7.2002949714660645,272.0,1.192156434059143,8.69736099243164,0
,,1259,3.0,0.3270721435546875,0.9285333156585693,0.5145741105079651,0.510962963104248,0.5120742917060852,9.111542701721191,266.0,2.877145767211914,12.315760612487793,0
,,1269,3.0,0.16993951797485352,0.9540666937828064,0.49214741587638855,0.4874395430088043,0.4896931052207947,5.854037284851074,174.0,0.22105564177036285,6.24503231048584,0
,,1279,3.0,0.1216997504234314,0.9616000056266785,0.5492526888847351,0.5858563184738159,0.561608612537384,5.5287628173828125,133.0,0.4694257378578186,6.1198883056640625,0
,,1289,3.0,0.13102255761623383,0.9670000076293945,0.501939594745636,0.508946418762207,0.4995615780353546,4.614223003387451,60.0,0.3954520523548126,5.140697479248047,0
,,1299,3.0,0.22585991024971008,0.9344666600227356,0.5411791205406189,0.6435781121253967,0.5566825866699219,6.08539342880249,146.0,0.5140872001647949,6.825340747833252,0
,,1309,3.0,0.26667964458465576,0.9190000295639038,0.5315793752670288,0.5886913537979126,0.5401417016983032,7.150813579559326,248.0,0.2399614453315735,7.657454967498779,0
,,1319,3.0,0.11955965310335159,0.9673333168029785,0.5449384450912476,0.5906074047088623,0.5588141083717346,5.473236083984375,147.0,0.5021549463272095,6.0949506759643555,0
,,1329,3.0,0.18193216621875763,0.9553333520889282,0.4892454743385315,0.4879128336906433,0.48857825994491577,6.974610328674316,251.0,0.06509726494550705,7.221639633178711,0
,,1339,3.0,0.33792462944984436,0.923799991607666,0.4955020844936371,0.49423882365226746,0.4946155846118927,6.848378658294678,308.0,1.0648900270462036,8.251193046569824,0
,,1349,3.0,0.15905113518238068,0.9459999799728394,0.5493183135986328,0.654447078704834,0.5693812966346741,6.437678337097168,136.0,0.38253507018089294,6.979264259338379,0
,,1359,3.0,0.3119700849056244,0.9236666560173035,0.48379775881767273,0.47657540440559387,0.4801594316959381,6.3510332107543945,366.0,4.341201305389404,11.004204750061035,0
,,1369,3.0,0.2423420548439026,0.9315999746322632,0.49690747261047363,0.4937838912010193,0.49370837211608887,7.621187210083008,136.0,1.1161484718322754,8.979677200317383,0
,,1379,3.0,0.17707672715187073,0.9603333473205566,0.5241988897323608,0.5315841436386108,0.527191162109375,5.9783735275268555,192.0,0.3834992051124573,6.538949489593506,0
,,1389,3.0,0.10262347757816315,0.9606000185012817,0.4993245005607605,0.49241453409194946,0.4916377067565918,4.159995079040527,31.0,0.09339097142219543,4.356009483337402,0
,,1399,3.0,0.2796765863895416,0.9241999983787537,0.537889838218689,0.5498278737068176,0.5425480008125305,7.929438591003418,272.0,0.4530201554298401,8.662135124206543,0
,,1409,3.0,0.16563022136688232,0.9558666944503784,0.4933929741382599,0.48413020372390747,0.4887177050113678,5.8529534339904785,117.0,0.12372811883687973,6.142312049865723,0
,,1419,3.0,0.294754296541214,0.9175999760627747,0.5203957557678223,0.5141695141792297,0.5158650279045105,9.055824279785156,397.0,0.23462051153182983,9.585198402404785,0
,,1429,3.0,0.19494691491127014,0.942799985408783,0.4980431795120239,0.4931381046772003,0.49216946959495544,5.537197113037109,111.0,0.386076420545578,6.118220329284668,0
,,1439,3.0,0.17373661696910858,0.9556000232696533,0.5010162591934204,0.5017890930175781,0.5003719925880432,6.364535808563232,183.0,0.8879591226577759,7.426231384277344,0
,,1449,3.0,0.4086656868457794,0.9018666744232178,0.49616122245788574,0.49542611837387085,0.4955974221229553,7.412465572357178,370.0,2.0915017127990723,9.912632942199707,0
,,1459,3.0,0.26374322175979614,0.9312000274658203,0.5305063128471375,0.5375559329986572,0.5334187150001526,6.526768207550049,224.0,0.911851167678833,7.702363014221191,0
,,1469,3.0,0.3212190568447113,0.9323999881744385,0.5329290628433228,0.5406478643417358,0.5361320376396179,7.714565277099609,196.0,0.6460946202278137,8.681879043579102,0
,,1479,3.0,0.09005904942750931,0.9702000021934509,0.5699622631072998,0.6430147290229797,0.592587411403656,5.404820919036865,105.0,0.4171222746372223,5.9120025634765625,0
,,1489,3.0,0.20760785043239594,0.9452000260353088,0.49333271384239197,0.48886486887931824,0.4907294511795044,6.355729579925537,168.0,4.546830654144287,11.11016845703125,0
,,1499,3.0,0.16191156208515167,0.9498666524887085,0.5502578616142273,0.6104831099510193,0.5665000677108765,6.1092119216918945,112.0,0.3044849634170532,6.575608253479004,0
,,1509,3.0,0.18875353038311005,0.9462666511535645,0.5210694074630737,0.5410963892936707,0.5261169672012329,5.600679397583008,148.0,1.406166911125183,7.1956000328063965,0
,,1519,3.0,0.16332747042179108,0.9495999813079834,0.5219035148620605,0.5532720685005188,0.5283063054084778,6.063615798950195,122.0,0.4703535735607147,6.697297096252441,0
,,1529,3.0,0.18215328454971313,0.9376000165939331,0.5013371706008911,0.5029082298278809,0.49940893054008484,6.331005096435547,164.0,0.26389074325561523,6.7770490646362305,0
,,1539,3.0,0.21129968762397766,0.9392666816711426,0.5041712522506714,0.5060614347457886,0.504341721534729,6.754332065582275,274.0,0.08821291476488113,7.053844928741455,0
,,1549,3.0,0.23335431516170502,0.9175333380699158,0.4977432191371918,0.49161481857299805,0.48877015709877014,8.6319580078125,243.0,0.007039512507617474,8.87235164642334,0
,,1559,3.0,0.2856222987174988,0.926800012588501,0.5575388073921204,0.5722248554229736,0.5636871457099915,7.520256996154785,321.0,0.15989357233047485,7.96577262878418,0
,,1569,3.0,0.19591903686523438,0.9490666389465332,0.5298749804496765,0.6158475875854492,0.5416703224182129,5.108122825622559,73.0,0.40857335925102234,5.712615013122559,0
,,1579,3.0,0.16853295266628265,0.9518666863441467,0.49746382236480713,0.49260541796684265,0.49314600229263306,5.187341690063477,97.0,0.9895766377449036,6.345451354980469,0
,,1589,3.0,0.2161937654018402,0.9368666410446167,0.512965202331543,0.5605428218841553,0.5134599208831787,6.628759384155273,140.0,0.30365628004074097,7.148609161376953,0
,,1599,3.0,0.1889156848192215,0.9528666734695435,0.5572866201400757,0.580806314945221,0.5665427446365356,6.792352199554443,197.0,0.3356422185897827,7.316910266876221,0
,,1609,3.0,0.3191400170326233,0.9154000282287598,0.5246279239654541,0.5227876305580139,0.5236294269561768,7.741593837738037,308.0,1.64505934715271,9.705793380737305,0
,,1619,3.0,0.16002750396728516,0.9521333575248718,0.5070580840110779,0.509370744228363,0.5077807903289795,6.513851165771484,164.0,0.7081207036972046,7.381999492645264,0
,,1629,3.0,0.16721555590629578,0.9528666734695435,0.5093756318092346,0.5155056118965149,0.5108602046966553,5.906254768371582,216.0,0.9220169186592102,6.995487213134766,0
,,1639,3.0,0.29809433221817017,0.9321333169937134,0.5071213245391846,0.5084965825080872,0.5075911283493042,6.818620204925537,357.0,0.4559767246246338,7.572690963745117,0
,,1649,3.0,0.1920149028301239,0.9359333515167236,0.5348991751670837,0.5821015238761902,0.545362651348114,7.358848571777344,132.0,0.62271648645401,8.173580169677734,0
9.997557473810373e-05,0.0009997557473810372,1651,,,,,,,,,,,
,,1659,3.0,0.33231449127197266,0.8833333253860474,0.557728111743927,0.6022322177886963,0.5697170495986938,7.776834011077881,371.0,0.25308242440223694,8.36223030090332,1
,,1669,3.0,0.23867978155612946,0.9089333415031433,0.5564409494400024,0.701138973236084,0.5759760141372681,5.550734996795654,177.0,1.0210559368133545,6.8104705810546875,1
,,1679,3.0,0.2061876356601715,0.9369999766349792,0.5610239505767822,0.6901153922080994,0.5855388045310974,6.047707557678223,119.0,0.868280827999115,7.122176170349121,1
,,1689,3.0,0.2059425562620163,0.9441999793052673,0.5361993312835693,0.6461393237113953,0.5510079264640808,5.855823516845703,150.0,1.0868277549743652,7.148593902587891,1
,,1699,3.0,0.13722121715545654,0.9652000069618225,0.5474799871444702,0.5871551036834717,0.5604275465011597,5.890903472900391,155.0,2.1889708042144775,8.217095375061035,1
,,1709,3.0,0.1583319753408432,0.9548666477203369,0.5749527812004089,0.5885250568389893,0.5810546875,5.893057346343994,269.0,2.881528615951538,8.932917594909668,1
,,1719,3.0,0.21903975307941437,0.9222666621208191,0.5514010190963745,0.7570220232009888,0.5719016790390015,5.645264625549316,92.0,0.07550447434186935,5.9398088455200195,1
,,1729,3.0,0.2372087836265564,0.9094666838645935,0.5283597707748413,0.5739486217498779,0.5346611738204956,6.601675987243652,264.0,2.277573823928833,9.116458892822266,1
,,1739,3.0,0.30140385031700134,0.9208666682243347,0.5466176271438599,0.6737017631530762,0.5633211731910706,6.547937393188477,160.0,0.3311765789985657,7.18051815032959,1
,,1749,3.0,0.15447956323623657,0.9373999834060669,0.5880494117736816,0.7180141806602478,0.619974672794342,6.32713508605957,223.0,0.5383906960487366,7.020005226135254,1
,,1759,3.0,0.19078609347343445,0.9315999746322632,0.5890958309173584,0.5919982194900513,0.5905161499977112,7.004696369171143,334.0,4.018426418304443,11.213909149169922,1
,,1769,3.0,0.0909392461180687,0.9801333546638489,0.5213699340820312,0.7404835224151611,0.5351025462150574,3.148371696472168,20.0,0.04082747921347618,3.2801384925842285,1
,,1779,3.0,0.12251226603984833,0.9639999866485596,0.5807579755783081,0.7110176086425781,0.6136849522590637,5.428580284118652,125.0,0.33969032764434814,5.890782833099365,1
,,1789,3.0,0.14265021681785583,0.9383333325386047,0.5427905917167664,0.8313734531402588,0.562393844127655,5.350002765655518,91.0,0.06080946698784828,5.553462505340576,1
,,1799,3.0,0.07923458516597748,0.9763333201408386,0.6291831731796265,0.6328722834587097,0.6309996247291565,5.651049613952637,168.0,0.6090713143348694,6.33935546875,1
,,1809,3.0,0.06933771073818207,0.9824666380882263,0.632197380065918,0.5911487340927124,0.6076609492301941,5.140749931335449,92.0,1.8747494220733643,7.084836959838867,1
,,1819,3.0,0.150676429271698,0.9462000131607056,0.6028993129730225,0.5604767799377441,0.5747803449630737,6.743603706359863,295.0,0.32827189564704895,7.2225518226623535,1
,,1829,3.0,0.14686959981918335,0.9450666904449463,0.5513685941696167,0.621357798576355,0.5687949657440186,6.149980545043945,214.0,1.764769196510315,8.061619758605957,1
,,1839,3.0,0.07202345132827759,0.9855999946594238,0.625063419342041,0.5826696753501892,0.5993082523345947,5.344869613647461,110.0,0.4813019037246704,5.898194789886475,1
,,1849,3.0,0.09153638035058975,0.973800003528595,0.6059679985046387,0.5807949900627136,0.591500997543335,6.1390061378479,226.0,0.9947553873062134,7.225297927856445,1
,,1859,3.0,0.13095009326934814,0.9589333534240723,0.6212973594665527,0.643406867980957,0.6312907934188843,5.844759464263916,191.0,1.874100685119629,7.8498101234436035,1
,,1869,3.0,0.10664878785610199,0.9643333554267883,0.5728611946105957,0.7230264544487,0.6059798002243042,4.895370006561279,105.0,0.5023150444030762,5.504333972930908,1
,,1879,3.0,0.10950839519500732,0.965666651725769,0.6244016885757446,0.7047878503799438,0.6537090539932251,5.467700481414795,201.0,0.3514665365219116,5.928675651550293,1
,,1889,3.0,0.11618472635746002,0.9719333052635193,0.6141716241836548,0.5655657052993774,0.5825299024581909,6.167583465576172,173.0,0.8207979798316956,7.1045660972595215,1
,,1899,3.0,0.06039093807339668,0.9883999824523926,0.7062292695045471,0.5318471789360046,0.5532033443450928,5.77015495300293,147.0,0.2788838744163513,6.109429836273193,1
,,1909,3.0,0.0953466072678566,0.9744666814804077,0.5517412424087524,0.7968693375587463,0.583451509475708,4.42241907119751,52.0,0.1589156985282898,4.676681041717529,1
,,1919,3.0,0.11487988382577896,0.9655333161354065,0.5614017248153687,0.5935296416282654,0.5735927224159241,5.735363483428955,160.0,0.1697903424501419,6.020033836364746,1
,,1929,3.0,0.08492712676525116,0.9773333072662354,0.5949748158454895,0.6408252120018005,0.6130819320678711,5.217552185058594,81.0,0.12010926753282547,5.422588348388672,1
,,1939,3.0,0.08441789448261261,0.9744666814804077,0.7559291124343872,0.5786802768707275,0.6172785758972168,6.496169090270996,309.0,0.5125547647476196,7.093141555786133,1
,,1949,3.0,0.13128872215747833,0.9524000287055969,0.6370701789855957,0.6588461399078369,0.6470203995704651,6.668327808380127,261.0,0.22712893784046173,7.026745319366455,1
,,1959,3.0,0.11127406358718872,0.9682000279426575,0.5312528610229492,0.5299729704856873,0.5305953025817871,5.627440452575684,153.0,0.36099082231521606,6.099705696105957,1
,,1969,3.0,0.0896189734339714,0.9801999926567078,0.6424682140350342,0.597100019454956,0.615189254283905,5.444578170776367,148.0,0.41412100195884705,5.9483184814453125,1
,,1979,3.0,0.08386190235614777,0.9794666767120361,0.5292007327079773,0.5271735191345215,0.5281429290771484,5.505578994750977,88.0,0.023598624393343925,5.613039493560791,1
,,1989,3.0,0.13689440488815308,0.9466000199317932,0.5396898984909058,0.7728862166404724,0.5587916374206543,4.8328537940979,76.0,0.6967287659645081,5.666476726531982,1
,,1999,3.0,0.15587186813354492,0.9345999956130981,0.5969334840774536,0.6717331409454346,0.6214163303375244,6.451102256774902,289.0,0.3174937665462494,6.924468040466309,1
,,2009,3.0,0.11418814957141876,0.9724000096321106,0.6012683510780334,0.6066409349441528,0.6038777232170105,5.725910186767578,150.0,0.12522928416728973,5.965327739715576,1
,,2019,3.0,0.12250787019729614,0.9692000150680542,0.6088846921920776,0.6489554643630981,0.6254681944847107,6.053084373474121,185.0,2.030440092086792,8.206032752990723,1
,,2029,3.0,0.15029561519622803,0.9535333514213562,0.6867201924324036,0.6265609264373779,0.6499485969543457,7.273813724517822,265.0,0.15929800271987915,7.583407402038574,1
,,2039,3.0,0.14182275533676147,0.9621999859809875,0.596487820148468,0.6253024339675903,0.6087487936019897,5.992529392242432,227.0,0.8472172617912292,6.981569290161133,1
,,2049,3.0,0.1135038435459137,0.9749333262443542,0.7347652912139893,0.5939509868621826,0.6320843696594238,6.576747894287109,235.0,0.11889257282018661,6.809144496917725,1
,,2059,3.0,0.12384475767612457,0.9687333106994629,0.7137055397033691,0.7151840925216675,0.7144420146942139,7.300380706787109,366.0,0.06943347305059433,7.493659019470215,1
,,2069,3.0,0.14253747463226318,0.9643999934196472,0.656279444694519,0.7233983874320984,0.6832311153411865,5.512655258178711,185.0,1.9792253971099854,7.634418487548828,1
,,2079,3.0,0.1673600822687149,0.9577999711036682,0.6363738179206848,0.6099850535392761,0.6215424537658691,6.709448337554932,343.0,0.3344174921512604,7.211225986480713,1
,,2089,3.0,0.15580786764621735,0.9651333093643188,0.6689537167549133,0.5251990556716919,0.5379061698913574,6.1364216804504395,280.0,2.5284907817840576,8.820720672607422,1
,,2099,3.0,0.1573641300201416,0.9557999968528748,0.5934874415397644,0.6347750425338745,0.6097608804702759,6.730628490447998,199.0,0.06915995478630066,6.957152843475342,1
,,2109,3.0,0.17299485206604004,0.9468666911125183,0.6380789875984192,0.6952027678489685,0.6608450412750244,6.124919414520264,251.0,0.5478153228759766,6.845729827880859,1
,,2119,3.0,0.11618679016828537,0.9768000245094299,0.5934029817581177,0.7147232294082642,0.6285603046417236,5.225521087646484,98.0,0.24394334852695465,5.58565092086792,1
,,2129,3.0,0.12447618693113327,0.9783333539962769,0.6073710918426514,0.5889110565185547,0.597197949886322,5.421446800231934,131.0,0.15169738233089447,5.697619915008545,1
,,2139,3.0,0.12227784097194672,0.9819999933242798,0.627946138381958,0.5962837934494019,0.6097326278686523,5.8432440757751465,163.0,1.1567543745040894,7.122276306152344,1
,,2149,3.0,0.13870185613632202,0.9713333249092102,0.7602885961532593,0.6007256507873535,0.6425207257270813,5.978719711303711,218.0,2.732600450515747,8.850022315979004,1
,,2159,3.0,0.12104538828134537,0.9754666686058044,0.8443619012832642,0.6873262524604797,0.7409668564796448,6.375597953796387,215.0,1.4021254777908325,7.898768901824951,1
,,2169,3.0,0.11101476103067398,0.9728000164031982,0.4864000082015991,0.5,0.49310624599456787,6.04831600189209,219.0,1.3980871438980103,7.557417869567871,1
,,2179,3.0,0.13563929498195648,0.9673333168029785,0.5748627185821533,0.5810567140579224,0.5778175592422485,6.425286769866943,230.0,1.0715563297271729,7.632482528686523,1
,,2189,3.0,0.1858581006526947,0.9229999780654907,0.5948330163955688,0.692607581615448,0.6225104331970215,5.982102394104004,248.0,1.3595150709152222,7.527475833892822,1
,,2199,3.0,0.1568741500377655,0.9506666660308838,0.6096706390380859,0.5718663334846497,0.5859740972518921,6.713077068328857,454.0,1.492348074913025,8.362298965454102,1
,,2209,3.0,0.18291887640953064,0.940933346748352,0.5544283986091614,0.6128082871437073,0.5706684589385986,5.993277072906494,205.0,0.8923224806785583,7.06851863861084,1
,,2219,3.0,0.16268566250801086,0.9757999777793884,0.51007479429245,0.5183451175689697,0.5124406218528748,7.655708312988281,61.0,0.0027364930137991905,7.821130752563477,1
,,2229,3.0,0.1684952676296234,0.9747999906539917,0.5503345131874084,0.5693647265434265,0.5581236481666565,5.683908939361572,109.0,0.031670525670051575,5.884074687957764,1
,,2239,3.0,0.22871975600719452,0.9332000017166138,0.5457519292831421,0.6929572820663452,0.5644083619117737,6.3246169090271,151.0,1.406781554222107,7.960118293762207,1
,,2249,3.0,0.27299946546554565,0.8373333215713501,0.5047234892845154,0.5506739616394043,0.4745056629180908,5.556934833526611,113.0,0.15335124731063843,5.983285427093506,1
,,2259,3.0,0.1379075050354004,0.9730666875839233,0.5500922203063965,0.5749291181564331,0.5596840381622314,5.313999176025391,94.0,0.23574978113174438,5.687656402587891,1
,,2269,3.0,0.25116339325904846,0.9411333203315735,0.4706921875476837,0.49985837936401367,0.48483702540397644,7.436103820800781,410.0,0.3813195824623108,8.068587303161621,1
,,2279,3.0,0.17036400735378265,0.9592000246047974,0.5793296098709106,0.6287380456924438,0.5972200632095337,5.221183776855469,158.0,1.898405909538269,7.289953708648682,1
,,2289,3.0,0.19019441306591034,0.9613333344459534,0.5448600053787231,0.55527663230896,0.5493870973587036,6.00484037399292,239.0,2.6270384788513184,8.822072982788086,1
,,2299,3.0,0.12907813489437103,0.9605333209037781,0.48026666045188904,0.5,0.4899347126483917,6.12614631652832,225.0,3.553774833679199,9.808999061584473,1
,,2309,3.0,0.11791984736919403,0.9810000061988831,0.49053269624710083,0.499966025352478,0.49520444869995117,8.086552619934082,202.0,0.14783620834350586,8.35230827331543,1
,,2319,3.0,0.19891919195652008,0.934333324432373,0.7341116666793823,0.533033549785614,0.5451659560203552,6.8718581199646,494.0,5.331037998199463,12.401815414428711,1
,,2329,3.0,0.17418202757835388,0.9174000024795532,0.5291231274604797,0.6756940484046936,0.5355235934257507,5.026154518127441,119.0,0.3316541612148285,5.5319905281066895,1
,,2339,3.0,0.05926239490509033,0.9915333390235901,0.49576666951179504,0.5,0.49787434935569763,4.823359489440918,84.0,0.1773885041475296,5.0600104331970215,1
,,2349,3.0,0.192548930644989,0.9465333223342896,0.4732666611671448,0.5,0.48626619577407837,7.637882709503174,412.0,0.5868750810623169,8.417306900024414,1
,,2359,3.0,0.08377066254615784,0.9844666719436646,0.4922333359718323,0.5,0.4960862696170807,5.965974807739258,202.0,1.7705577611923218,7.820303440093994,1
,,2369,3.0,0.12354627251625061,0.9679333567619324,0.4839666783809662,0.5,0.49185270071029663,6.571677207946777,439.0,0.898253321647644,7.59347677230835,1
,,2379,3.0,0.11900947242975235,0.9710000157356262,0.4855000078678131,0.5,0.4926433265209198,6.732287406921387,307.0,0.2883276641368866,7.13962459564209,1
,,2389,3.0,0.0969688892364502,0.9779999852180481,0.48899999260902405,0.5,0.4944388270378113,5.9130353927612305,226.0,0.2969271242618561,6.306931018829346,1
,,2399,3.0,0.08028627187013626,0.9870666861534119,0.49353334307670593,0.5,0.49674561619758606,5.69888162612915,168.0,1.321494698524475,7.100662708282471,1
,,2409,3.0,0.12704691290855408,0.9666666388511658,0.4833333194255829,0.5,0.49152541160583496,6.611962795257568,272.0,2.084704637527466,8.823714256286621,1
,,2419,3.0,0.293135404586792,0.8661999702453613,0.5272907018661499,0.6662588119506836,0.5219346284866333,6.698335647583008,140.0,0.2890378534793854,7.280508995056152,1
,,2429,3.0,0.05598396435379982,0.9973333477973938,0.4986666738986969,0.5,0.499332457780838,3.7664268016815186,16.0,0.007003349252045155,3.829414129257202,1
,,2439,3.0,0.08267159014940262,0.9822666645050049,0.49113333225250244,0.5,0.4955269992351532,5.5182623863220215,206.0,1.735372543334961,7.336306571960449,1
,,2449,3.0,0.14967454969882965,0.9589999914169312,0.4794999957084656,0.5,0.48953548073768616,7.110315799713135,329.0,0.5428541302680969,7.802844524383545,1
,,2459,3.0,0.1071978434920311,0.9742666482925415,0.4881421625614166,0.4989416301250458,0.4934827983379364,6.3048248291015625,243.0,0.6948216557502747,7.106844425201416,1
,,2469,3.0,0.08414096385240555,0.9808666706085205,0.49043333530426025,0.5,0.4951704740524292,5.6976237297058105,107.0,0.12486587464809418,5.906630516052246,1
,,2479,3.0,0.09354717284440994,0.9780666828155518,0.4890333414077759,0.5,0.49445587396621704,6.09820032119751,252.0,0.24927686154842377,6.441024303436279,1
,,2489,3.0,0.14580142498016357,0.9577999711036682,0.4788999855518341,0.5,0.48922258615493774,7.060511589050293,358.0,0.6641119122505188,7.870425224304199,1
,,2499,3.0,1.6609885692596436,0.6722666621208191,0.5347791314125061,0.7275087833404541,0.47228020429611206,7.390089511871338,250.0,0.16003403067588806,9.211112022399902,1
,,2509,3.0,0.8205347061157227,0.7264000177383423,0.5425519943237305,0.8107839822769165,0.4994714856147766,6.091761589050293,251.0,1.8659701347351074,8.778266906738281,1
,,2519,3.0,1.06791353225708,0.7583333253860474,0.5580286383628845,0.8681538105010986,0.5330390930175781,6.617733001708984,297.0,0.7414789199829102,8.427125930786133,1
,,2529,3.0,1.0543116331100464,0.73826664686203,0.5388969779014587,0.8464846611022949,0.49579787254333496,6.153747081756592,156.0,0.21401016414165497,7.422069072723389,1
,,2539,3.0,1.2232695817947388,0.6535333395004272,0.5226916074752808,0.7572089433670044,0.43996569514274597,6.434996128082275,173.0,0.9246242642402649,8.582889556884766,1
,,2549,3.0,1.6552678346633911,0.6000000238418579,0.5095938444137573,0.6777339577674866,0.3972272574901581,5.837947368621826,111.0,0.2711979150772095,7.764412879943848,1
,,2559,3.0,1.6929688453674316,0.6457333564758301,0.5369031429290771,0.7561843395233154,0.46224501729011536,6.835906028747559,383.0,0.32774585485458374,8.856620788574219,1
,,2569,3.0,1.4931554794311523,0.6700000166893005,0.5182461738586426,0.7814977169036865,0.4368126392364502,6.411619663238525,111.0,0.05056280642747879,7.955338001251221,1
,,2579,3.0,1.2441009283065796,0.6540666818618774,0.50618577003479,0.8262805342674255,0.40709900856018066,4.464974880218506,38.0,0.06830061972141266,5.777376651763916,1
,,2589,3.0,0.7287249565124512,0.7269999980926514,0.5107322931289673,0.7231274843215942,0.4447054862976074,4.874716281890869,71.0,0.5336216688156128,6.137063026428223,1
,,2599,3.0,0.8840200304985046,0.6849333047866821,0.5138552188873291,0.6993799805641174,0.4379023015499115,5.872335433959961,108.0,0.5286908745765686,7.285046100616455,1
,,2609,3.0,0.686571478843689,0.7332000136375427,0.5434240698814392,0.7732539176940918,0.5060495734214783,6.5740766525268555,319.0,0.6678749322891235,7.928523063659668,1
,,2619,3.0,0.38176998496055603,0.8870000243186951,0.6077545881271362,0.8367003798484802,0.6439751386642456,8.169037818908691,308.0,0.1069280281662941,8.657735824584961,1
,,2629,3.0,0.23774540424346924,0.9071333408355713,0.5552184581756592,0.7296226024627686,0.5743777751922607,5.858168125152588,193.0,1.0737828016281128,7.16969633102417,1
,,2639,3.0,0.33051061630249023,0.8618000149726868,0.5400868654251099,0.6553788185119629,0.5438908338546753,6.4551682472229,325.0,1.5735485553741455,8.359227180480957,1
,,2649,3.0,0.4306034743785858,0.8144000172615051,0.5307787656784058,0.7630310654640198,0.5103625655174255,5.768970966339111,124.0,0.46248507499694824,6.662059783935547,1
,,2659,3.0,0.4874906837940216,0.760200023651123,0.5267353653907776,0.7730876207351685,0.4854395389556885,5.780514717102051,146.0,0.6024250388145447,6.8704304695129395,1
,,2669,3.0,0.2884751558303833,0.8361999988555908,0.5396004319190979,0.753878116607666,0.5326295495033264,5.831164360046387,132.0,0.37001973390579224,6.489659309387207,1
,,2679,3.0,0.1989011913537979,0.874666690826416,0.545014500617981,0.9365465044975281,0.5487169027328491,5.725113391876221,112.0,0.9209108352661133,6.844925403594971,1
,,2689,3.0,0.3431120216846466,0.8957333564758301,0.5502570271492004,0.6020587086677551,0.5623096227645874,6.658190727233887,366.0,8.074782371520996,15.076085090637207,1
,,2699,3.0,0.15477369725704193,0.9098666906356812,0.5144999027252197,0.5941957235336304,0.5101153254508972,5.453697681427002,131.0,0.7872300148010254,6.3957014083862305,1
,,2709,3.0,0.1460265815258026,0.9333333373069763,0.5688228607177734,0.5917168259620667,0.5780864357948303,7.742368698120117,330.0,0.1471959799528122,8.035591125488281,1
,,2719,3.0,0.1065768450498581,0.9724666476249695,0.5328885912895203,0.5494747161865234,0.5391645431518555,5.037594795227051,92.0,0.4511224925518036,5.595293998718262,1
,,2729,3.0,0.09651102870702744,0.9791333079338074,0.6607143878936768,0.5979706048965454,0.6212010979652405,6.4208879470825195,172.0,0.14033250510692596,6.657731533050537,1
,,2739,3.0,0.10886547714471817,0.9666666388511658,0.8228884339332581,0.5183168649673462,0.5268304944038391,6.74833345413208,295.0,0.5592485666275024,7.416447162628174,1
,,2749,3.0,0.1068858653306961,0.9779999852180481,0.48899999260902405,0.5,0.4944388270378113,7.49673318862915,214.0,0.07219456881284714,7.675813674926758,1
,,2759,3.0,0.11940549314022064,0.9826666712760925,0.49133333563804626,0.5,0.4956287741661072,5.723071575164795,89.0,0.0975411981344223,5.940018177032471,1
,,2769,3.0,0.14815041422843933,0.9787333607673645,0.48936668038368225,0.5,0.4946261942386627,5.531979560852051,138.0,0.5914952158927917,6.27162504196167,1
,,2779,3.0,0.30952370166778564,0.9674666523933411,0.48373332619667053,0.5,0.4917321801185608,7.370115280151367,245.0,0.2733498811721802,7.952988624572754,1
,,2789,3.0,0.11773724108934402,0.9847999811172485,0.49239999055862427,0.5,0.49617090821266174,5.665409088134766,147.0,0.3595101237297058,6.142656326293945,1
,,2799,3.0,0.11406880617141724,0.9870666861534119,0.49353334307670593,0.5,0.49674561619758606,8.545980453491211,65.0,0.004484664183109999,8.664534568786621,1
,,2809,3.0,0.27404388785362244,0.9684000015258789,0.48420000076293945,0.5,0.4919731616973877,6.529706001281738,254.0,0.16776491701602936,6.97151517868042,1
,,2819,3.0,0.17228108644485474,0.9772666692733765,0.48863333463668823,0.5,0.4942513108253479,6.275826454162598,282.0,2.267376184463501,8.715483665466309,1
,,2829,3.0,0.23118746280670166,0.9689333438873291,0.48446667194366455,0.5,0.4921107888221741,7.3652167320251465,302.0,0.10603385418653488,7.702437877655029,1
,,2839,3.0,0.2589385211467743,0.9663333296775818,0.4831666648387909,0.5,0.49143922328948975,7.1009016036987305,367.0,0.26060718297958374,7.620447158813477,1
,,2849,3.0,0.16686230897903442,0.9737333059310913,0.48686665296554565,0.5,0.4933459460735321,6.321034908294678,247.0,0.3160291016101837,6.803926467895508,1
,,2859,3.0,0.11919665336608887,0.9747999906539917,0.48739999532699585,0.5,0.4936196208000183,6.100695610046387,162.0,0.35117316246032715,6.571065902709961,1
,,2869,3.0,0.07801194489002228,0.9851333498954773,0.49256667494773865,0.5,0.496255487203598,5.535090923309326,122.0,0.2792205512523651,5.8923234939575195,1
,,2879,3.0,0.2620398998260498,0.9674666523933411,0.483765572309494,0.4999655485153198,0.4917321801185608,6.963254451751709,307.0,1.3221752643585205,8.547469139099121,1
,,2889,3.0,0.1692197620868683,0.962933361530304,0.481466680765152,0.5,0.49055835604667664,7.073840618133545,330.0,0.20808058977127075,7.451141357421875,1
,,2899,3.0,0.11530954390764236,0.9687333106994629,0.6668570637702942,0.556317925453186,0.5813486576080322,6.399611473083496,251.0,0.3237930238246918,6.838714122772217,1
,,2909,3.0,0.05957017466425896,0.9829999804496765,0.5259190797805786,0.5601311326026917,0.53542160987854,4.527219295501709,50.0,0.41990599036216736,5.006695747375488,1
,,2919,3.0,0.20376622676849365,0.9462666511535645,0.5578525066375732,0.52101069688797,0.5271639823913574,7.474961280822754,317.0,0.14413662254810333,7.822864055633545,1
,,2929,3.0,0.09410242736339569,0.9685999751091003,0.5147475600242615,0.5494527816772461,0.5200732946395874,5.568663120269775,70.0,0.27712008357048035,5.93988561630249,1
,,2939,3.0,0.1518481969833374,0.9506666660308838,0.6307281255722046,0.6321905255317688,0.6314545273780823,6.632399559020996,334.0,0.4841335713863373,7.268381595611572,1
,,2949,3.0,0.08145506680011749,0.964733362197876,0.6135658025741577,0.6919378042221069,0.6415495872497559,9.274785995483398,184.0,0.10614703595638275,9.462388038635254,1
,,2959,3.0,0.05510435625910759,0.9839333295822144,0.5807659029960632,0.5669086575508118,0.5731377601623535,6.064855098724365,131.0,1.9253026247024536,8.045262336730957,1
,,2969,3.0,0.06884162127971649,0.9821333289146423,0.5188490748405457,0.5076190233230591,0.5099846124649048,6.20952033996582,126.0,0.19770465791225433,6.476066589355469,1
,,2979,3.0,0.2439243197441101,0.9338666796684265,0.5305798053741455,0.5466694831848145,0.5359845757484436,6.9662556648254395,231.0,1.3212767839431763,8.53145694732666,1
,,2989,3.0,0.11554395407438278,0.9595333337783813,0.4984070956707001,0.48124247789382935,0.4896744191646576,4.649636268615723,38.0,0.02751210518181324,4.792692184448242,1
,,2999,3.0,0.2344168722629547,0.9538666605949402,0.5211908221244812,0.504568338394165,0.502231240272522,6.61623477935791,328.0,1.2495636940002441,8.100215911865234,1
,,3009,3.0,0.12651118636131287,0.9743333458900452,0.5795088410377502,0.5524515509605408,0.562837541103363,5.6701436042785645,190.0,1.667249321937561,7.463903903961182,1
,,3019,3.0,0.09651166945695877,0.9816666841506958,0.49096426367759705,0.49986422061920166,0.49537426233291626,6.168054103851318,175.0,0.8307207226753235,7.095286846160889,1
,,3029,3.0,0.19347530603408813,0.9351333379745483,0.5504890084266663,0.6563848853111267,0.5697821378707886,6.176296710968018,166.0,1.7505924701690674,8.12036418914795,1
,,3039,3.0,0.25968435406684875,0.9031333327293396,0.5579394102096558,0.6562296152114868,0.5756976008415222,7.616001605987549,291.0,0.07078824192285538,7.946474552154541,1
,,3049,3.0,0.33180928230285645,0.8669333457946777,0.5189856290817261,0.6538851261138916,0.5067453980445862,6.122596740722656,150.0,0.15968479216098785,6.614090442657471,1
,,3059,3.0,0.1942036896944046,0.9495333433151245,0.5103564858436584,0.5191208720207214,0.5121331214904785,6.209279537200928,225.0,1.3997806310653687,7.803264141082764,1
,,3069,3.0,0.20751695334911346,0.9362000226974487,0.5835456252098083,0.5500398874282837,0.5610938668251038,6.638665199279785,338.0,2.698685646057129,9.544868469238281,1
,,3079,3.0,0.11752757430076599,0.9549999833106995,0.6011422276496887,0.5828331112861633,0.5908958911895752,6.809975624084473,275.0,0.32501018047332764,7.252513408660889,1
,,3089,3.0,0.20840038359165192,0.9082666635513306,0.5309450030326843,0.6005429625511169,0.5381394624710083,6.895614147186279,280.0,1.3517625331878662,8.455777168273926,1
,,3099,3.0,0.3144407868385315,0.9065333604812622,0.493718683719635,0.45855534076690674,0.4754877984523773,5.356283664703369,110.0,0.4294622838497162,6.100186824798584,1
,,3109,3.0,0.44164612889289856,0.8523333072662354,0.5689924359321594,0.7101231813430786,0.5840104222297668,6.647532939910889,290.0,1.3433449268341064,8.432523727416992,1
,,3119,3.0,0.19769884645938873,0.9509333372116089,0.5020720362663269,0.503129243850708,0.5019272565841675,6.832309722900391,173.0,0.5877832770347595,7.617792129516602,1
,,3129,3.0,0.08891426771879196,0.979533314704895,0.6227397322654724,0.5390943884849548,0.5575008392333984,7.333868026733398,198.0,0.26490867137908936,7.6876912117004395,1
,,3139,3.0,0.22040309011936188,0.9344000220298767,0.5389400124549866,0.553342342376709,0.544460117816925,7.103910446166992,315.0,1.43990159034729,8.764215469360352,1
,,3149,3.0,0.4162746071815491,0.8278666734695435,0.5118680000305176,0.5657961368560791,0.49146533012390137,6.453737735748291,294.0,2.437894821166992,9.307907104492188,1
,,3159,3.0,0.35637402534484863,0.8461333513259888,0.5128992795944214,0.6305766105651855,0.4901238679885864,7.456686973571777,169.0,0.5227076411247253,8.335768699645996,1
,,3169,3.0,0.2080312967300415,0.9220666885375977,0.5418076515197754,0.6340143084526062,0.5557200908660889,5.9985198974609375,123.0,0.6975803971290588,6.9041314125061035,1
,,3179,3.0,0.38343119621276855,0.8670666813850403,0.5392617583274841,0.6217535138130188,0.5449954271316528,6.998759746551514,301.0,0.7340217232704163,8.116212844848633,1
,,3189,3.0,0.33840495347976685,0.8175333142280579,0.5006029605865479,0.5057594776153564,0.46453696489334106,6.438752174377441,106.0,0.4057564437389374,7.182913780212402,1
,,3199,3.0,0.2717508375644684,0.8629999756813049,0.4976831078529358,0.48450353741645813,0.4741179049015045,6.134848594665527,115.0,0.6901415586471558,7.096741199493408,1
,,3209,3.0,0.12575137615203857,0.9664000272750854,0.5085921287536621,0.5203430652618408,0.5105346441268921,7.123045921325684,91.0,0.0363825298845768,7.28518009185791,1
,,3219,3.0,0.14646713435649872,0.9581999778747559,0.506807804107666,0.5108769536018372,0.5077513456344604,8.955831527709961,151.0,0.11864417791366577,9.220942497253418,1
,,3229,3.0,0.2671557366847992,0.8665333390235901,0.5009889602661133,0.5077865123748779,0.4782508909702301,6.855024814605713,160.0,0.5068702697753906,7.6290507316589355,1
,,3239,3.0,0.23481039702892303,0.9300000071525574,0.5043996572494507,0.504835844039917,0.504561185836792,6.539704322814941,337.0,1.1101207733154297,7.8846354484558105,1
,,3249,3.0,0.22979845106601715,0.9431333541870117,0.49570155143737793,0.4894314706325531,0.4911560118198395,6.276569843292236,167.0,1.2672497034072876,7.773617744445801,1
,,3259,3.0,0.15247558057308197,0.9735999703407288,0.4924467206001282,0.49417975544929504,0.49331170320510864,6.309110164642334,127.0,0.2799566984176636,6.741542339324951,1
,,3269,3.0,0.15952068567276,0.9657999873161316,0.505608320236206,0.5092913508415222,0.5064194202423096,6.301692962646484,159.0,0.46903321146965027,6.930246829986572,1
,,3279,3.0,0.2025442123413086,0.927133321762085,0.4978465735912323,0.48897066712379456,0.4874087870121002,6.328862190246582,82.0,0.3887953460216522,6.920201778411865,1
,,3289,3.0,0.22945936024188995,0.906333327293396,0.496437132358551,0.4650491774082184,0.4768487811088562,5.346016883850098,101.0,4.893796443939209,10.46927261352539,1
,,3299,3.0,0.30040857195854187,0.8973333239555359,0.4885169267654419,0.4602137804031372,0.4735910892486572,8.315984725952148,117.0,0.07396049797534943,8.690353393554688,1
9.990232305719945e-05,0.0009990232305719944,3302,,,,,,,,,,,
,,3309,3.0,0.14073412120342255,0.9453999996185303,0.5080178380012512,0.5238255262374878,0.5081189274787903,7.5018510818481445,175.0,0.35274550318717957,7.995330810546875,2
,,3319,3.0,0.45820069313049316,0.928600013256073,0.5624960064888,0.5799670219421387,0.5697343945503235,7.455409049987793,292.0,0.30639126896858215,8.220001220703125,2
,,3329,3.0,0.2650688588619232,0.9202666878700256,0.4993995726108551,0.498988538980484,0.4977242946624756,6.657751560211182,333.0,1.3938519954681396,8.316672325134277,2
,,3339,3.0,0.5250111222267151,0.9295333623886108,0.5100487470626831,0.5266427993774414,0.5102454423904419,10.2131929397583,217.0,0.2918350398540497,11.030038833618164,2
,,3349,3.0,0.21627020835876465,0.9606000185012817,0.48294007778167725,0.49717065691947937,0.48995205760002136,9.851378440856934,259.0,0.5733782052993774,10.641027450561523,2
,,3359,3.0,0.2341463267803192,0.9645333290100098,0.4844304621219635,0.4976952075958252,0.49097326397895813,10.796944618225098,313.0,1.4484950304031372,12.479585647583008,2
,,3369,3.0,0.21754586696624756,0.9779333472251892,0.489946573972702,0.49897950887680054,0.4944217801094055,7.461777687072754,170.0,0.6609640121459961,8.340288162231445,2
,,3379,3.0,0.26338499784469604,0.9637333154678345,0.48186665773391724,0.5,0.49076589941978455,7.155515193939209,322.0,6.8109049797058105,14.229804992675781,2
,,3389,3.0,0.14118191599845886,0.9810666441917419,0.49053332209587097,0.5,0.49522143602371216,5.8528218269348145,213.0,3.785102605819702,9.779106140136719,2
,,3399,3.0,0.11474231630563736,0.9782000184059143,0.48910000920295715,0.5,0.4944899380207062,6.441339015960693,272.0,1.737900972366333,8.29398250579834,2
,,3409,3.0,0.21461334824562073,0.9618666768074036,0.4809333384037018,0.5,0.4902813732624054,6.615399360656738,312.0,10.11520767211914,16.945220947265625,2
,,3419,3.0,0.07002992182970047,0.990066647529602,0.49519839882850647,0.4998317062854767,0.49750426411628723,7.244014263153076,76.0,0.2773514986038208,7.591395378112793,2
,,3429,3.0,0.33397766947746277,0.9659333229064941,0.4911525547504425,0.49151909351348877,0.49133574962615967,5.6290483474731445,144.0,0.4376131594181061,6.400639057159424,2
,,3439,3.0,0.32588422298431396,0.958133339881897,0.4874812662601471,0.49524378776550293,0.4908961057662964,6.148305416107178,253.0,3.8319520950317383,10.30614185333252,2
,,3449,3.0,0.06106695532798767,0.9878666400909424,0.4949231743812561,0.4989897608757019,0.49694815278053284,5.067560195922852,69.0,0.24168066680431366,5.370307922363281,2
,,3459,3.0,0.15688161551952362,0.9685333371162415,0.4860813617706299,0.4980800747871399,0.4920075833797455,6.185000419616699,277.0,4.220456600189209,10.562338829040527,2
,,3469,3.0,0.10390952229499817,0.978600025177002,0.48952844738960266,0.4997616708278656,0.4945921301841736,6.1817755699157715,257.0,7.578062057495117,13.863746643066406,2
,,3479,3.0,0.35021182894706726,0.9477999806404114,0.5076987743377686,0.505699872970581,0.5062174797058105,6.149773120880127,265.0,4.851569652557373,11.351554870605469,2
,,3489,3.0,1.9304229021072388,0.841866672039032,0.5073868632316589,0.521423876285553,0.4977622628211975,6.723862171173096,328.0,3.3518645763397217,12.006150245666504,2
,,3499,3.0,0.3520377278327942,0.9611999988555908,0.4814988076686859,0.4990308880805969,0.49010810256004333,6.712416172027588,318.0,2.646245002746582,9.710699081420898,2
,,3509,3.0,0.16002994775772095,0.9710000157356262,0.4855000078678131,0.5,0.4926433265209198,5.8948235511779785,177.0,1.9521188735961914,8.006972312927246,2
,,3519,3.0,0.11353183537721634,0.9297999739646912,0.5119549632072449,0.6227416396141052,0.5078777074813843,4.163590431213379,67.0,4.008586406707764,8.285709381103516,2
,,3529,3.0,0.3107743561267853,0.973800003528595,0.505039393901825,0.5156745314598083,0.5057677626609802,8.472257614135742,55.0,0.29115086793899536,9.074183464050293,2
,,3539,3.0,0.27699482440948486,0.9646000266075134,0.4896446764469147,0.49234381318092346,0.4909905195236206,20.156776428222656,153.0,0.5482983589172363,20.98206901550293,2
,,3549,3.0,0.28047996759414673,0.932200014591217,0.49340125918388367,0.4837396442890167,0.4873177111148834,7.07671594619751,216.0,2.9737658500671387,10.330961227416992,2
,,3559,3.0,0.2303985059261322,0.9691333174705505,0.52384352684021,0.5356997847557068,0.5282249450683594,10.216879844665527,101.0,1.8892498016357422,12.336527824401855,2
,,3569,3.0,0.43935349583625793,0.9736666679382324,0.4868333339691162,0.5,0.49332883954048157,6.862448215484619,358.0,6.455655097961426,13.75745677947998,2
,,3579,3.0,0.20755918323993683,0.9872000217437744,0.49366581439971924,0.4999324679374695,0.4967793822288513,5.705266952514648,167.0,4.706820487976074,10.619646072387695,2
,,3589,3.0,0.5648172497749329,0.9232000112533569,0.5394444465637207,0.5425456762313843,0.5408974885940552,10.894375801086426,350.0,3.682096481323242,15.141289710998535,2
,,3599,3.0,0.42833492159843445,0.9480000138282776,0.4740000069141388,0.5,0.4866529703140259,7.388514041900635,281.0,3.0633888244628906,10.880237579345703,2
,,3609,3.0,0.1432429552078247,0.9884666800498962,0.4943981468677521,0.4998314380645752,0.49709993600845337,5.200751304626465,141.0,0.7116410136222839,6.05563497543335,2
,,3619,3.0,0.2995459735393524,0.9761333465576172,0.48826196789741516,0.49979519844055176,0.49396127462387085,7.705163955688477,256.0,2.087827682495117,10.092537879943848,2
,,3629,3.0,0.27146291732788086,0.8845333456993103,0.5180740356445312,0.5608959197998047,0.5162394642829895,8.444944381713867,249.0,5.448132514953613,14.16454029083252,2
,,3639,3.0,0.34133073687553406,0.9566666483879089,0.4879624545574188,0.489894837141037,0.4889267385005951,5.632131576538086,171.0,3.7563228607177734,9.729784965515137,2
,,3649,3.0,0.37464195489883423,0.9682000279426575,0.48410001397132874,0.5,0.4919215440750122,9.470499992370605,244.0,5.000997543334961,14.846139907836914,2
,,3659,3.0,0.2934659421443939,0.9523333311080933,0.49109598994255066,0.4845329225063324,0.48779237270355225,9.17934799194336,130.0,1.476807713508606,10.949621200561523,2
,,3669,3.0,0.1984933316707611,0.9733333587646484,0.48989999294281006,0.4966324269771576,0.4932432472705841,5.693283557891846,155.0,3.1135246753692627,9.005301475524902,2
,,3679,3.0,0.2154920995235443,0.972000002861023,0.4888024628162384,0.49706804752349854,0.4929006099700928,5.873219966888428,205.0,0.9361302852630615,7.024842262268066,2
,,3689,3.0,0.3305133581161499,0.9609333276748657,0.48904117941856384,0.4910404086112976,0.49003875255584717,6.034440517425537,237.0,1.854086995124817,8.219040870666504,2
,,3699,3.0,0.23944884538650513,0.9880666732788086,0.4940333366394043,0.5,0.49699875712394714,5.779191970825195,161.0,1.1025644540786743,7.1212053298950195,2
,,3709,3.0,0.13119900226593018,0.9800000190734863,0.4904250204563141,0.4995582103729248,0.49494948983192444,5.802647590637207,179.0,0.6222131252288818,6.556059837341309,2
,,3719,3.0,0.1626150757074356,0.9727333188056946,0.48972946405410767,0.49649515748023987,0.49308910965919495,6.13431978225708,245.0,0.7741425037384033,7.071077346801758,2
,,3729,3.0,0.19531993567943573,0.9793333411216736,0.4965521991252899,0.4930191934108734,0.4947793781757355,4.462657928466797,48.0,0.17336265742778778,4.831340789794922,2
,,3739,3.0,0.1882922649383545,0.9865333437919617,0.4974786639213562,0.49574539065361023,0.49661052227020264,4.523766994476318,37.0,0.39057451486587524,5.102633476257324,2
,,3749,3.0,0.3307463228702545,0.9789333343505859,0.49215713143348694,0.4972233474254608,0.49467727541923523,5.707760334014893,184.0,10.738142013549805,16.776649475097656,2
,,3759,3.0,0.24818465113639832,0.9692666530609131,0.48502135276794434,0.49958765506744385,0.4921967685222626,6.067366600036621,224.0,3.5675852298736572,9.883136749267578,2
,,3769,3.0,0.09049130976200104,0.9923333525657654,0.49619975686073303,0.49996641278266907,0.4980759620666504,4.49362325668335,61.0,0.1344679594039917,4.718582630157471,2
,,3779,3.0,0.5255041122436523,0.9554666876792908,0.4777333438396454,0.5,0.4886131286621094,6.677188873291016,349.0,1.8327187299728394,9.035411834716797,2
,,3789,3.0,0.3041505813598633,0.9674000144004822,0.5105348229408264,0.5065155029296875,0.5075520277023315,6.155639171600342,228.0,11.944247245788574,18.404037475585938,2
,,3799,3.0,0.18702487647533417,0.9769999980926514,0.49000266194343567,0.49843546748161316,0.49418309330940247,5.781005382537842,147.0,1.220091462135315,7.188121795654297,2
,,3809,3.0,0.5652463436126709,0.9556666612625122,0.5379945635795593,0.5092587471008301,0.5102365612983704,6.285029411315918,316.0,10.870794296264648,17.7210693359375,2
,,3819,3.0,0.3179169297218323,0.9776666760444641,0.4927424192428589,0.4959753751754761,0.49435362219810486,5.225317001342773,96.0,0.4694983959197998,6.01273250579834,2
,,3829,3.0,0.6805357933044434,0.9021999835968018,0.47948554158210754,0.4692115783691406,0.47429293394088745,6.574516296386719,306.0,2.4989686012268066,9.754020690917969,2
,,3839,3.0,0.3315165340900421,0.8924000263214111,0.49631258845329285,0.4714885950088501,0.475856214761734,5.156691074371338,90.0,1.4315803050994873,6.919788360595703,2
,,3849,3.0,0.44873160123825073,0.8090000152587891,0.48717543482780457,0.4643215239048004,0.4670743942260742,6.513852596282959,396.0,10.639701843261719,17.602285385131836,2
,,3859,3.0,0.16467376053333282,0.9760666489601135,0.4915396571159363,0.49637240171432495,0.4939441978931427,7.131320476531982,226.0,11.261171340942383,18.557165145874023,2
,,3869,3.0,0.2434113621711731,0.9413999915122986,0.4963095784187317,0.4740181267261505,0.4849078059196472,4.374598979949951,44.0,0.18253180384635925,4.80054235458374,2
,,3879,3.0,0.43855851888656616,0.9764000177383423,0.48904767632484436,0.49911394715309143,0.49402955174446106,5.620712757110596,179.0,1.407043218612671,7.466314315795898,2
,,3889,3.0,0.374260812997818,0.9537333250045776,0.5025004148483276,0.5020751357078552,0.5021569728851318,6.090914726257324,189.0,8.426639556884766,14.891815185546875,2
,,3899,3.0,0.2646525800228119,0.9805999994277954,0.4902999997138977,0.5,0.49510249495506287,5.813263416290283,177.0,12.476367950439453,18.554283142089844,2
,,3909,3.0,0.3604021370410919,0.9731333255767822,0.4865666627883911,0.5,0.4931918680667877,6.242553234100342,342.0,3.017974615097046,9.620929718017578,2
,,3919,3.0,0.3222752511501312,0.9685333371162415,0.4842666685581207,0.5,0.4920075833797455,6.596492290496826,417.0,2.414032459259033,9.332799911499023,2
,,3929,3.0,0.3265714943408966,0.9130666851997375,0.4915655851364136,0.46379953622817993,0.47727906703948975,5.4720234870910645,140.0,0.47166430950164795,6.270259380340576,2
,,3939,3.0,0.2177615612745285,0.9516000151634216,0.4968627095222473,0.4920288324356079,0.4930461347103119,6.271181106567383,77.0,2.014110565185547,8.503053665161133,2
,,3949,3.0,0.1477033495903015,0.9873999953269958,0.4955832064151764,0.4980831444263458,0.496830016374588,9.928475379943848,74.0,0.5110889077186584,10.587267875671387,2
,,3959,3.0,0.41786399483680725,0.9581999778747559,0.5060609579086304,0.5043724775314331,0.5047755837440491,6.440957546234131,333.0,1.719353437423706,8.578174591064453,2
,,3969,3.0,0.36026328802108765,0.9047333598136902,0.48623764514923096,0.46594732999801636,0.475689172744751,6.246279716491699,237.0,2.4799001216888428,9.086442947387695,2
,,3979,3.0,0.6060755848884583,0.9237333536148071,0.528468906879425,0.5053156614303589,0.4986656606197357,10.762444496154785,497.0,11.504549980163574,22.873069763183594,2
,,3989,3.0,0.46186164021492004,0.8745999932289124,0.4868987500667572,0.4478391408920288,0.46655285358428955,6.270655632019043,186.0,6.212341785430908,12.94485855102539,2
,,3999,3.0,0.40839892625808716,0.973466694355011,0.4867333471775055,0.5,0.49327749013900757,6.116128921508789,172.0,1.8273859024047852,8.351913452148438,2
,,4009,3.0,0.20968185365200043,0.9801333546638489,0.4934881925582886,0.49648791551589966,0.4949834942817688,5.7853827476501465,104.0,0.6847927570343018,6.67985725402832,2
,,4019,3.0,0.42128992080688477,0.8951333165168762,0.5073906779289246,0.5211696028709412,0.5032387971878052,6.737569808959961,196.0,3.4599666595458984,10.618825912475586,2
,,4029,3.0,0.39540404081344604,0.8964666724205017,0.4942905306816101,0.4829215705394745,0.4839969277381897,6.8121418952941895,190.0,46.795433044433594,54.00297927856445,2
,,4039,3.0,0.4486893117427826,0.864133358001709,0.49285170435905457,0.4375506341457367,0.4635576903820038,5.209234237670898,98.0,0.2346782684326172,5.89260196685791,2
,,4049,3.0,0.4042317271232605,0.9354000091552734,0.4865792691707611,0.48008623719215393,0.4833109378814697,6.010365962982178,245.0,1.3302205801010132,7.744818210601807,2
,,4059,3.0,0.18360985815525055,0.9621333479881287,0.49803298711776733,0.4829016923904419,0.4903506338596344,4.040883541107178,33.0,0.05688898637890816,4.2813825607299805,2
,,4069,3.0,0.47571638226509094,0.9539333581924438,0.4877624809741974,0.4886619746685028,0.48821181058883667,6.376001834869385,214.0,5.484614849090576,12.336333274841309,2
,,4079,3.0,0.18274345993995667,0.9869999885559082,0.5357999205589294,0.5114714503288269,0.5164322853088379,5.477473735809326,139.0,4.78107213973999,10.441289901733398,2
,,4089,3.0,0.28538429737091064,0.9498666524887085,0.5157936215400696,0.5161046981811523,0.5159462094306946,7.024000644683838,285.0,1.439385175704956,8.748769760131836,2
,,4099,3.0,0.41141846776008606,0.8949999809265137,0.5171797275543213,0.5494537949562073,0.5172032713890076,18.423614501953125,291.0,5.264549732208252,24.09958267211914,2
,,4109,3.0,0.6097471714019775,0.887333333492279,0.48172277212142944,0.4591238498687744,0.4701519012451172,6.46990966796875,308.0,2.125772714614868,9.205429077148438,2
,,4119,3.0,0.7975882887840271,0.8966666460037231,0.4671436548233032,0.4785114526748657,0.4727592170238495,16.161701202392578,417.0,9.337449073791504,26.296737670898438,2
,,4129,3.0,0.24391373991966248,0.9538666605949402,0.5088154077529907,0.5170644521713257,0.5102809071540833,5.562745094299316,138.0,5.774842739105225,11.581501007080078,2
,,4139,3.0,0.3650951683521271,0.9233333468437195,0.5111272931098938,0.5378392338752747,0.5102468132972717,6.73028564453125,182.0,1.3526886701583862,8.44806957244873,2
,,4149,3.0,0.24706478416919708,0.9294000267982483,0.5253297686576843,0.5423764586448669,0.5302251577377319,7.142829418182373,270.0,12.638422966003418,20.028316497802734,2
,,4159,3.0,0.31808099150657654,0.9397333264350891,0.4883253574371338,0.4806656241416931,0.48446521162986755,6.11547327041626,266.0,7.887875556945801,14.321430206298828,2
,,4169,3.0,0.31434953212738037,0.9076666831970215,0.4935116767883301,0.4593144953250885,0.47579941153526306,5.040877342224121,73.0,2.5878963470458984,7.9431233406066895,2
,,4179,3.0,0.39847874641418457,0.9407333135604858,0.49395832419395447,0.48812445998191833,0.4902873635292053,5.755697250366211,142.0,2.266599416732788,8.420775413513184,2
,,4189,3.0,0.5176634788513184,0.9397333264350891,0.47929275035858154,0.48975053429603577,0.48446521162986755,6.407301902770996,350.0,1.406341791152954,8.331307411193848,2
,,4199,3.0,0.5622016787528992,0.9474666714668274,0.4817638099193573,0.49579280614852905,0.4877772927284241,6.718591213226318,333.0,6.406757831573486,13.68755054473877,2
,,4209,3.0,0.2772890627384186,0.9359999895095825,0.49276989698410034,0.47451668977737427,0.4834710657596588,5.154707431793213,125.0,1.495139479637146,6.927135944366455,2
,,4219,3.0,0.3608843982219696,0.9064666628837585,0.5083939433097839,0.5314614772796631,0.5036419630050659,6.698500156402588,161.0,3.4898173809051514,10.549201965332031,2
,,4229,3.0,0.5692828297615051,0.892799973487854,0.48315173387527466,0.4607445001602173,0.4716821610927582,5.932823657989502,210.0,8.279519081115723,14.781625747680664,2
,,4239,3.0,0.25976601243019104,0.9557999968528748,0.4952673614025116,0.48230504989624023,0.488700270652771,4.619301795959473,75.0,1.1271463632583618,6.006214141845703,2
,,4249,3.0,0.32704728841781616,0.9589333534240723,0.4951463043689728,0.48401641845703125,0.48951810598373413,5.370616436004639,86.0,0.31799325346946716,6.0156569480896,2
,,4259,3.0,0.08604752272367477,0.9890000224113464,0.4960542917251587,0.49842092394828796,0.4972347915172577,5.392502307891846,96.0,0.7868207097053528,6.265370845794678,2
,,4269,3.0,0.215032160282135,0.930733323097229,0.4992119073867798,0.4799974858760834,0.48302146792411804,3.678565263748169,20.0,0.013384289108216763,3.9069817066192627,2
,,4279,3.0,0.3266560435295105,0.9065333604812622,0.5014218091964722,0.5080702900886536,0.48932307958602905,5.3271098136901855,100.0,5.589993476867676,11.243759155273438,2
,,4289,3.0,0.5040385723114014,0.9197333455085754,0.48026177287101746,0.47793251276016235,0.47909432649612427,6.910403251647949,257.0,3.554469347000122,10.968911170959473,2
,,4299,3.0,0.35220351815223694,0.9377333521842957,0.4924035668373108,0.4757491648197174,0.48393312096595764,5.209181308746338,100.0,0.4342495799064636,5.995634078979492,2
,,4309,3.0,0.26440027356147766,0.8935999870300293,0.495281457901001,0.4831133782863617,0.48289912939071655,6.348538398742676,229.0,9.27803897857666,15.89097785949707,2
